"; PTT 233568, Serial 21P2114, Run 5 - 0.25&deg; Grid Size @ 20-Dec-2022 19:11"
"; Marine @ 3.0 meters/second, Model Score 43.17"
"; 3 Status Clock Corrections, 323 Twilights, 162 SSTs, 2 User Locations"
"; SST Reference Data Set: NOAA OI SST V2 High Resolution, Bathymetry Reference Data Set: ETOPO1-Bedrock"

DeployID,Ptt,Date,Most Likely Latitude,Most Likely Longitude,Observation Type,Observed SST,Satellite SST,Observed Depth,Bathymetry Depth,Observation LL (MSS),Observation Score,Sunrise,Sunset
THUALB_2022_04,233568,31-May-2022 19:00:00,5.875,-162.125,User,,,,,,68.6058533395096,,
THUALB_2022_04,233568,01-Jun-2022 00:00:00,5.875,-162.1,None,,,,,,,01-Jun-2022 16:33:04,02-Jun-2022 04:59:36
THUALB_2022_04,233568,01-Jun-2022 04:56:15,5.85,-161.975,Light - Dusk,,,144,2908,,43.1674695816558,,
THUALB_2022_04,233568,01-Jun-2022 12:00:00,5.9,-161.975,None,,,,,,,,
THUALB_2022_04,233568,01-Jun-2022 13:00:00,5.9,-161.975,SST,28.2,28.3245831330617,1,2908,,76.6299529416215,,
THUALB_2022_04,233568,01-Jun-2022 15:57:30,5.9,-161.975,Light - Dawn,,,112,2908,,54.9225280444088,,
THUALB_2022_04,233568,02-Jun-2022 00:00:00,5.925,-162,None,,,,,,,02-Jun-2022 16:32:41,03-Jun-2022 04:59:30
THUALB_2022_04,233568,02-Jun-2022 04:31:15,5.925,-162.025,Light - Dusk,,,112,3778,,93.8361538164091,,
THUALB_2022_04,233568,02-Jun-2022 11:00:00,5.925,-162.075,SST,28.3,28.3054160277049,2,3778,,91.8888561749053,,
THUALB_2022_04,233568,02-Jun-2022 12:00:00,5.925,-162.075,None,,,,,,,,
THUALB_2022_04,233568,02-Jun-2022 15:51:15,5.925,-162.075,Light - Dawn,,,80,3778,,94.6136564760469,,
THUALB_2022_04,233568,03-Jun-2022 00:00:00,5.925,-162.125,None,,,,,,,03-Jun-2022 16:33:17,04-Jun-2022 05:00:14
THUALB_2022_04,233568,03-Jun-2022 04:42:30,5.925,-162.125,Light - Dusk,,,80,3778,,74.7317677701055,,
THUALB_2022_04,233568,03-Jun-2022 12:00:00,5.925,-162.15,None,,,,,,,,
THUALB_2022_04,233568,03-Jun-2022 13:00:00,5.925,-162.15,SST,28.1,28.3108328183492,1,3778,,63.7715622884864,,
THUALB_2022_04,233568,03-Jun-2022 16:00:00,5.925,-162.175,Light - Dawn,,,80,3778,,75.9512841296688,,
THUALB_2022_04,233568,04-Jun-2022 00:00:00,5.95,-162.175,None,,,,,,,04-Jun-2022 16:33:33,05-Jun-2022 05:00:43
THUALB_2022_04,233568,04-Jun-2022 04:32:30,5.975,-162.175,Light - Dusk,,,48,3778,,80.0813331733754,,
THUALB_2022_04,233568,04-Jun-2022 12:00:00,6,-162.2,SST,28.2,28.3199996948242,1,3778,,75.1404136885996,,
THUALB_2022_04,233568,04-Jun-2022 15:56:15,6,-162.2,Light - Dawn,,,80,3778,,93.6661562904695,,
THUALB_2022_04,233568,05-Jun-2022 00:00:00,6.05,-162.225,None,,,,,,,05-Jun-2022 16:33:42,06-Jun-2022 05:01:19
THUALB_2022_04,233568,05-Jun-2022 04:50:00,6.075,-162.25,Light - Dusk,,,80,4150,,86.7670000638148,,
THUALB_2022_04,233568,05-Jun-2022 12:00:00,6.125,-162.275,None,,,,,,,,
THUALB_2022_04,233568,05-Jun-2022 15:00:00,6.15,-162.275,SST,28.1,28.3599987030029,1,4150,,60.3315197483031,,
THUALB_2022_04,233568,05-Jun-2022 15:52:30,6.15,-162.275,Light - Dawn,,,48,4150,,70.3277371150884,,
THUALB_2022_04,233568,06-Jun-2022 00:00:00,6.2,-162.3,None,,,,,,,06-Jun-2022 16:33:52,07-Jun-2022 05:02:06
THUALB_2022_04,233568,06-Jun-2022 04:42:30,6.225,-162.3,Light - Dusk,,,48,4150,,68.0308466080319,,
THUALB_2022_04,233568,06-Jun-2022 12:00:00,6.3,-162.35,None,,,,,,,,
THUALB_2022_04,233568,06-Jun-2022 14:00:00,6.325,-162.375,SST,28.2,28.3333322207133,1,3964,,74.3121208125351,,
THUALB_2022_04,233568,06-Jun-2022 15:56:15,6.325,-162.375,Light - Dawn,,,48,3964,,91.7894186401842,,
THUALB_2022_04,233568,07-Jun-2022 00:00:00,6.4,-162.475,None,,,,,,,07-Jun-2022 16:34:22,08-Jun-2022 05:03:23
THUALB_2022_04,233568,07-Jun-2022 04:13:45,6.425,-162.525,Light - Dusk,,,112,3778,,64.499536499636,,
THUALB_2022_04,233568,07-Jun-2022 12:00:00,6.475,-162.55,None,,,,,,,,
THUALB_2022_04,233568,07-Jun-2022 13:00:00,6.475,-162.55,SST,28.3,28.321248849233,1,3778,,92.1211816795302,,
THUALB_2022_04,233568,07-Jun-2022 16:00:00,6.475,-162.575,Light - Dawn,,,112,3778,,89.7737250453903,,
THUALB_2022_04,233568,08-Jun-2022 00:00:00,6.475,-162.6,None,,,,,,,08-Jun-2022 16:34:53,09-Jun-2022 05:04:16
THUALB_2022_04,233568,08-Jun-2022 04:47:30,6.475,-162.625,Light - Dusk,,,112,3778,,48.6471090385748,,
THUALB_2022_04,233568,08-Jun-2022 11:00:00,6.525,-162.675,SST,28.3,28.2125000158946,1,4503,,96.5036342614288,,
THUALB_2022_04,233568,08-Jun-2022 12:00:00,6.525,-162.675,None,,,,,,,,
THUALB_2022_04,233568,08-Jun-2022 16:05:00,6.55,-162.7,Light - Dawn,,,48,4503,,43.4821531095748,,
THUALB_2022_04,233568,09-Jun-2022 00:00:00,6.65,-162.625,None,,,,,,,09-Jun-2022 16:34:49,10-Jun-2022 05:04:54
THUALB_2022_04,233568,09-Jun-2022 05:06:15,6.725,-162.575,Light - Dusk,,,48,4503,,93.686677834211,,
THUALB_2022_04,233568,09-Jun-2022 09:00:00,6.8,-162.525,SST,28.4,28.2074995040894,1,4429,,91.9097488764923,,
THUALB_2022_04,233568,09-Jun-2022 12:00:00,6.825,-162.5,None,,,,,,,,
THUALB_2022_04,233568,09-Jun-2022 16:01:15,6.875,-162.425,Light - Dawn,,,112,4308,,14.9554658574652,,
THUALB_2022_04,233568,10-Jun-2022 00:00:00,6.95,-162.425,None,,,,,,,10-Jun-2022 16:33:39,11-Jun-2022 05:04:52
THUALB_2022_04,233568,10-Jun-2022 09:00:00,7.1,-162.375,SST,28.3,28.2612495422363,1,3977,,94.9221602082061,,
THUALB_2022_04,233568,10-Jun-2022 12:00:00,7.1,-162.375,None,,,,,,,,
THUALB_2022_04,233568,10-Jun-2022 16:12:30,7.15,-162.35,Light - Dawn,,,80,3977,,30.6684847296737,,
THUALB_2022_04,233568,11-Jun-2022 00:00:00,7.2,-162.375,None,,,,,,,11-Jun-2022 16:33:11,12-Jun-2022 05:05:21
THUALB_2022_04,233568,11-Jun-2022 05:03:45,7.275,-162.425,Light - Dusk,,,144,4373,,33.8845304785549,,
THUALB_2022_04,233568,11-Jun-2022 05:05:00,7.275,-162.425,Light - Dusk,,,112,4373,,77.5060522697746,,
THUALB_2022_04,233568,11-Jun-2022 12:00:00,7.275,-162.425,None,,,,,,,,
THUALB_2022_04,233568,11-Jun-2022 14:00:00,7.3,-162.425,SST,28.3,28.2141658465068,1,4373,,95.7377752948033,,
THUALB_2022_04,233568,11-Jun-2022 16:05:00,7.3,-162.425,Light - Dawn,,,112,4373,,75.5178813696438,,
THUALB_2022_04,233568,12-Jun-2022 00:00:00,7.325,-162.425,None,,,,,,,12-Jun-2022 16:33:20,13-Jun-2022 05:06:01
THUALB_2022_04,233568,12-Jun-2022 04:53:45,7.35,-162.45,Light - Dusk,,,112,4373,,66.3391179402039,,
THUALB_2022_04,233568,12-Jun-2022 12:00:00,7.375,-162.45,None,,,,,,,,
THUALB_2022_04,233568,12-Jun-2022 13:00:00,7.4,-162.45,SST,28.1,28.199165503184,1,4373,,77.5029891244315,,
THUALB_2022_04,233568,12-Jun-2022 16:13:45,7.375,-162.45,Light - Dawn,,,80,4373,,63.5722708602321,,
THUALB_2022_04,233568,13-Jun-2022 00:00:00,7.375,-162.425,None,,,,,,,13-Jun-2022 16:33:25,14-Jun-2022 05:06:21
THUALB_2022_04,233568,13-Jun-2022 04:57:30,7.4,-162.425,Light - Dusk,,,112,4373,,38.4760403409643,,
THUALB_2022_04,233568,13-Jun-2022 12:00:00,7.425,-162.425,None,,,,,,,,
THUALB_2022_04,233568,13-Jun-2022 15:00:00,7.425,-162.4,SST,28.1,28.1837496757507,0,4373,,79.903255550943,,
THUALB_2022_04,233568,13-Jun-2022 16:01:15,7.425,-162.4,Light - Dawn,,,80,4373,,51.6689092843763,,
THUALB_2022_04,233568,14-Jun-2022 00:00:00,7.375,-162.525,None,,,,,,,14-Jun-2022 16:33:59,15-Jun-2022 05:06:59
THUALB_2022_04,233568,14-Jun-2022 05:00:00,7.325,-162.6,Light - Dusk,,,80,4604,,80.0034399517495,,
THUALB_2022_04,233568,14-Jun-2022 12:00:00,7.25,-162.65,None,,,,,,,,
THUALB_2022_04,233568,14-Jun-2022 15:00:00,7.225,-162.675,SST,28.3,28.152498960495,1,4519,,93.7959749985112,,
THUALB_2022_04,233568,14-Jun-2022 16:18:45,7.225,-162.675,Light - Dawn,,,144,4519,,4.2737062405447,,
THUALB_2022_04,233568,15-Jun-2022 00:00:00,7.25,-162.575,None,,,,,,,15-Jun-2022 16:34:36,16-Jun-2022 05:07:12
THUALB_2022_04,233568,15-Jun-2022 04:53:45,7.275,-162.5,Light - Dusk,,,112,4373,,59.3462217484334,,
THUALB_2022_04,233568,15-Jun-2022 10:00:00,7.3,-162.4,SST,28.2,28.1241656939189,0,4373,,94.9663864194434,,
THUALB_2022_04,233568,15-Jun-2022 12:00:00,7.3,-162.375,None,,,,,,,,
THUALB_2022_04,233568,15-Jun-2022 16:11:15,7.3,-162.325,Light - Dawn,,,144,4373,,55.9793606563863,,
THUALB_2022_04,233568,16-Jun-2022 00:00:00,7.3,-162.225,None,,,,,,,16-Jun-2022 16:33:18,17-Jun-2022 05:06:08
THUALB_2022_04,233568,16-Jun-2022 04:41:15,7.3,-162.175,Light - Dusk,,,112,4314,,69.6376787098982,,
THUALB_2022_04,233568,16-Jun-2022 11:00:00,7.3,-162.175,SST,28.1,28.118749777476,1,4314,,86.5967744291583,,
THUALB_2022_04,233568,16-Jun-2022 12:00:00,7.3,-162.175,None,,,,,,,,
THUALB_2022_04,233568,16-Jun-2022 15:56:15,7.3,-162.15,Light - Dawn,,,80,4314,,92.2674768408986,,
THUALB_2022_04,233568,17-Jun-2022 00:00:00,7.275,-162.125,None,,,,,,,17-Jun-2022 16:33:09,18-Jun-2022 05:05:55
THUALB_2022_04,233568,17-Jun-2022 09:00:00,7.275,-162.125,SST,28.1,28.006249666214,1,4314,,92.6700969025812,,
THUALB_2022_04,233568,17-Jun-2022 12:00:00,7.25,-162.125,None,,,,,,,,
THUALB_2022_04,233568,17-Jun-2022 16:22:30,7.25,-162.1,Light - Dawn,,,80,4314,,77.0752249881852,,
THUALB_2022_04,233568,18-Jun-2022 00:00:00,7.2,-162.05,None,,,,,,,18-Jun-2022 16:33:11,19-Jun-2022 05:05:43
THUALB_2022_04,233568,18-Jun-2022 04:37:30,7.15,-162,Light - Dusk,,,176,3971,,0.1,,
THUALB_2022_04,233568,18-Jun-2022 05:05:00,7.15,-162,Light - Dusk,,,80,3971,,0.119894230801612,,
THUALB_2022_04,233568,18-Jun-2022 09:00:00,7.175,-162,SST,28.1,27.9087498188019,1,3971,,91.2524771945397,,
THUALB_2022_04,233568,18-Jun-2022 12:00:00,7.2,-162.025,None,,,,,,,,
THUALB_2022_04,233568,18-Jun-2022 16:02:30,7.2,-162,Light - Dawn,,,144,3971,,0.214087066279827,,
THUALB_2022_04,233568,19-Jun-2022 00:00:00,7.2,-161.975,None,,,,,,,19-Jun-2022 16:33:05,20-Jun-2022 05:05:39
THUALB_2022_04,233568,19-Jun-2022 05:18:45,7.175,-161.925,Light - Dusk,,,112,3971,,0.1,,
THUALB_2022_04,233568,19-Jun-2022 12:00:00,7.15,-161.9,None,,,,,,,,
THUALB_2022_04,233568,19-Jun-2022 15:00:00,7.15,-161.875,SST,28,27.9212489128113,1,3971,,93.9924387315081,,
THUALB_2022_04,233568,19-Jun-2022 16:06:15,7.15,-161.875,Light - Dawn,,,112,3971,,54.9906263145899,,
THUALB_2022_04,233568,20-Jun-2022 00:00:00,7.1,-161.95,None,,,,,,,20-Jun-2022 16:33:23,21-Jun-2022 05:05:35
THUALB_2022_04,233568,20-Jun-2022 12:00:00,7,-162.075,None,,,,,,,,
THUALB_2022_04,233568,21-Jun-2022 00:00:00,6.875,-162.2,None,,,,,,,21-Jun-2022 16:35:00,22-Jun-2022 05:06:24
THUALB_2022_04,233568,21-Jun-2022 04:31:15,6.85,-162.25,Light - Dusk,,,176,4308,,0.100000003387593,,
THUALB_2022_04,233568,21-Jun-2022 12:00:00,6.775,-162.325,SST,28.1,28.1349992752075,0,4308,,85.1779220403961,,
THUALB_2022_04,233568,21-Jun-2022 16:06:15,6.75,-162.375,Light - Dawn,,,80,4308,,31.053890944086,,
THUALB_2022_04,233568,22-Jun-2022 00:00:00,6.75,-162.225,None,,,,,,,22-Jun-2022 16:35:32,23-Jun-2022 05:06:30
THUALB_2022_04,233568,22-Jun-2022 04:17:30,6.8,-162.15,Light - Dusk,,,144,3456,,21.5013418501219,,
THUALB_2022_04,233568,22-Jun-2022 12:00:00,6.875,-162.15,None,,,,,,,,
THUALB_2022_04,233568,22-Jun-2022 13:00:00,6.875,-162.15,SST,28,28.1366659800212,0,3456,,70.5467898252266,,
THUALB_2022_04,233568,22-Jun-2022 14:58:45,6.9,-162.15,Light - Dawn,,,112,3456,,93.4710579747231,,
THUALB_2022_04,233568,23-Jun-2022 00:00:00,6.95,-162.175,None,,,,,,,23-Jun-2022 16:35:12,24-Jun-2022 05:06:51
THUALB_2022_04,233568,23-Jun-2022 04:53:46,7.025,-162.175,Light - Dusk,,,48,4032,,92.6502871555986,,
THUALB_2022_04,233568,23-Jun-2022 12:00:00,7.1,-162.175,None,,,,,,,,
THUALB_2022_04,233568,23-Jun-2022 12:00:01,7.1,-162.175,SST,27.9,28.0299992700197,0,4032,,66.1294364896468,,
THUALB_2022_04,233568,23-Jun-2022 15:52:31,7.125,-162.175,Light - Dawn,,,144,4032,,88.265487185358,,
THUALB_2022_04,233568,24-Jun-2022 00:00:00,7.15,-162.15,None,,,,,,,24-Jun-2022 16:34:59,25-Jun-2022 05:07:18
THUALB_2022_04,233568,24-Jun-2022 04:31:16,7.2,-162.15,Light - Dusk,,,144,4032,,24.6895210953489,,
THUALB_2022_04,233568,24-Jun-2022 10:00:01,7.225,-162.075,SST,28.2,28.0391675785736,0,4032,,97.6181830063572,,
THUALB_2022_04,233568,24-Jun-2022 12:00:00,7.225,-162.05,None,,,,,,,,
THUALB_2022_04,233568,24-Jun-2022 15:47:31,7.25,-161.975,Light - Dawn,,,144,4271,,91.3389809269194,,
THUALB_2022_04,233568,25-Jun-2022 00:00:00,7.275,-161.85,None,,,,,,,25-Jun-2022 16:33:47,26-Jun-2022 05:06:31
THUALB_2022_04,233568,25-Jun-2022 04:56:16,7.275,-161.725,Light - Dusk,,,80,4123,,80.6931981487948,,
THUALB_2022_04,233568,25-Jun-2022 12:00:00,7.275,-161.625,None,,,,,,,,
THUALB_2022_04,233568,25-Jun-2022 12:00:01,7.275,-161.625,SST,28.1,28.1299989292798,0,4123,,92.0266839225353,,
THUALB_2022_04,233568,25-Jun-2022 15:52:31,7.35,-161.575,Light - Dawn,,,112,4123,,82.4510515418996,,
THUALB_2022_04,233568,26-Jun-2022 00:00:00,7.4,-161.4,None,,,,,,,26-Jun-2022 16:32:00,27-Jun-2022 05:05:08
THUALB_2022_04,233568,26-Jun-2022 05:02:31,7.4,-161.225,Light - Dusk,,,112,4654,,4.23171126828329,,
THUALB_2022_04,233568,26-Jun-2022 12:00:00,7.55,-161.275,None,,,,,,,,
THUALB_2022_04,233568,26-Jun-2022 13:00:01,7.55,-161.275,SST,28.4,28.0658309011768,0,4681,,68.9306836614215,,
THUALB_2022_04,233568,26-Jun-2022 16:00:01,7.625,-161.275,Light - Dawn,,,112,4681,,0.100000505404557,,
THUALB_2022_04,233568,27-Jun-2022 00:00:00,7.775,-161.25,None,,,,,,,27-Jun-2022 16:30:58,28-Jun-2022 05:05:22
THUALB_2022_04,233568,27-Jun-2022 05:03:46,7.875,-161.25,Light - Dusk,,,80,5017,,77.8644115956559,,
THUALB_2022_04,233568,27-Jun-2022 12:00:00,8.05,-161.275,None,,,,,,,,
THUALB_2022_04,233568,27-Jun-2022 14:00:01,8.1,-161.3,SST,28.3,27.9233317652676,0,5037,,63.091952267103,,
THUALB_2022_04,233568,27-Jun-2022 16:06:16,8.125,-161.275,Light - Dawn,,,112,5037,,60.0368808241978,,
THUALB_2022_04,233568,28-Jun-2022 00:00:00,8.3,-161.25,None,,,,,,,28-Jun-2022 16:30:16,29-Jun-2022 05:06:28
THUALB_2022_04,233568,28-Jun-2022 04:36:16,8.4,-161.225,Light - Dusk,,,144,4930,,0.100963148933949,,
THUALB_2022_04,233568,28-Jun-2022 12:00:00,8.55,-161.225,None,,,,,,,,
THUALB_2022_04,233568,28-Jun-2022 15:00:01,8.625,-161.275,SST,28.3,27.7174985755814,0,5026,,44.242752196921,,
THUALB_2022_04,233568,28-Jun-2022 15:53:46,8.65,-161.275,Light - Dawn,,,112,5026,,16.7871193433686,,
THUALB_2022_04,233568,29-Jun-2022 00:00:00,8.85,-161.125,None,,,,,,,29-Jun-2022 16:29:02,30-Jun-2022 05:07:05
THUALB_2022_04,233568,29-Jun-2022 05:07:31,8.925,-160.95,Light - Dusk,,,80,5188,,4.82144844663589,,
THUALB_2022_04,233568,29-Jun-2022 11:00:01,9.2,-161.05,SST,28.1,27.5620827829396,1,5174,,53.3571873573835,,
THUALB_2022_04,233568,29-Jun-2022 12:00:00,9.225,-161.05,None,,,,,,,,
THUALB_2022_04,233568,29-Jun-2022 15:51:16,9.325,-161.025,Light - Dawn,,,112,5214,,0.10000398785394,,
THUALB_2022_04,233568,30-Jun-2022 00:00:00,9.55,-160.975,None,,,,,,,30-Jun-2022 16:27:27,01-Jul-2022 05:07:53
THUALB_2022_04,233568,30-Jun-2022 12:00:00,9.875,-160.9,None,,,,,,,,
THUALB_2022_04,233568,30-Jun-2022 13:00:01,9.9,-160.9,SST,28.1,27.6308327446602,0,5274,,52.82694230942,,
THUALB_2022_04,233568,30-Jun-2022 15:55:01,9.975,-160.875,Light - Dawn,,,144,5274,,38.4198193083799,,
THUALB_2022_04,233568,01-Jul-2022 00:00:00,10.15,-160.925,None,,,,,,,01-Jul-2022 16:26:26,02-Jul-2022 05:08:52
THUALB_2022_04,233568,01-Jul-2022 04:42:31,10.25,-160.925,Light - Dusk,,,144,5329,,5.27133580730335,,
THUALB_2022_04,233568,01-Jul-2022 05:08:46,10.25,-160.925,Light - Dusk,,,144,5329,,22.3474873901607,,
THUALB_2022_04,233568,01-Jul-2022 12:00:00,10.35,-160.85,None,,,,,,,,
THUALB_2022_04,233568,01-Jul-2022 12:00:01,10.35,-160.85,SST,27.9,27.5950003550229,0,5329,,79.346401594484,,
THUALB_2022_04,233568,01-Jul-2022 15:56:16,10.425,-160.775,Light - Dawn,,,176,5329,,2.7639754372895,,
THUALB_2022_04,233568,02-Jul-2022 00:00:00,10.55,-160.7,None,,,,,,,02-Jul-2022 16:25:04,03-Jul-2022 05:08:48
THUALB_2022_04,233568,02-Jul-2022 05:11:16,10.65,-160.625,Light - Dusk,,,48,5342,,75.2120275292079,,
THUALB_2022_04,233568,02-Jul-2022 12:00:00,10.825,-160.425,None,,,,,,,,
THUALB_2022_04,233568,02-Jul-2022 12:00:01,10.825,-160.425,SST,27.9,27.649999590781,1,5558,,85.1367317351335,,
THUALB_2022_04,233568,02-Jul-2022 15:51:16,10.925,-160.3,Light - Dawn,,,144,5558,,0.674904484378134,,
THUALB_2022_04,233568,03-Jul-2022 00:00:00,10.8,-160.575,None,,,,,,,03-Jul-2022 16:24:23,04-Jul-2022 05:08:51
THUALB_2022_04,233568,03-Jul-2022 04:05:01,10.75,-160.675,Light - Dusk,,,144,5474,,43.0407292130863,,
THUALB_2022_04,233568,03-Jul-2022 11:00:01,10.75,-160.8,SST,27.8,27.6950011631957,1,5466,,96.2073195425536,,
THUALB_2022_04,233568,03-Jul-2022 12:00:00,10.75,-160.8,None,,,,,,,,
THUALB_2022_04,233568,03-Jul-2022 15:58:46,10.775,-160.825,Light - Dawn,,,144,5466,,21.0386303504637,,
THUALB_2022_04,233568,04-Jul-2022 00:00:00,10.825,-160.725,None,,,,,,,04-Jul-2022 16:25:12,05-Jul-2022 05:09:35
THUALB_2022_04,233568,04-Jul-2022 04:36:16,10.925,-160.625,Light - Dusk,,,144,5474,,26.7095440738175,,
THUALB_2022_04,233568,04-Jul-2022 12:00:00,10.95,-160.475,None,,,,,,,,
THUALB_2022_04,233568,04-Jul-2022 15:00:01,10.975,-160.4,SST,27.9,27.7774984905896,1,5558,,92.0425897350782,,
THUALB_2022_04,233568,04-Jul-2022 16:00:01,11,-160.4,Light - Dawn,,,176,5558,,45.7332728241679,,
THUALB_2022_04,233568,05-Jul-2022 00:00:00,11.025,-160.3,None,,,,,,,05-Jul-2022 16:23:25,06-Jul-2022 05:08:19
THUALB_2022_04,233568,05-Jul-2022 04:47:31,11.025,-160.225,Light - Dusk,,,144,5639,,0.100540736765224,,
THUALB_2022_04,233568,05-Jul-2022 12:00:00,11.075,-160.125,None,,,,,,,,
THUALB_2022_04,233568,05-Jul-2022 13:00:01,11.075,-160.125,SST,27.8,27.6079135133381,1,5639,,85.8632585422738,,
THUALB_2022_04,233568,05-Jul-2022 15:56:16,11.075,-160.05,Light - Dawn,,,144,5639,,19.8826602890096,,
THUALB_2022_04,233568,06-Jul-2022 00:00:00,10.9,-160,None,,,,,,,06-Jul-2022 16:22:42,07-Jul-2022 05:06:58
THUALB_2022_04,233568,06-Jul-2022 04:46:16,10.825,-159.95,Light - Dusk,,,112,5349,,0.483597044740176,,
THUALB_2022_04,233568,06-Jul-2022 10:00:01,10.925,-160.175,SST,27.9,27.5483321695637,1,5658,,64.7895561498638,,
THUALB_2022_04,233568,06-Jul-2022 12:00:00,10.95,-160.225,None,,,,,,,,
THUALB_2022_04,233568,06-Jul-2022 16:08:46,11.025,-160.35,Light - Dawn,,,144,5522,,0.100000000027548,,
THUALB_2022_04,233568,07-Jul-2022 00:00:00,11.1,-160.525,None,,,,,,,07-Jul-2022 16:24:42,08-Jul-2022 05:09:28
THUALB_2022_04,233568,07-Jul-2022 05:06:16,11.1,-160.625,Light - Dusk,,,112,5502,,14.6366757399856,,
THUALB_2022_04,233568,07-Jul-2022 12:00:00,11.2,-160.75,None,,,,,,,,
THUALB_2022_04,233568,07-Jul-2022 15:00:01,11.275,-160.825,SST,27.8,27.5675003320641,1,5666,,79.788633464574,,
THUALB_2022_04,233568,07-Jul-2022 16:05:01,11.275,-160.825,Light - Dawn,,,176,5666,,6.65366288452459,,
THUALB_2022_04,233568,08-Jul-2022 00:00:00,11.35,-160.875,None,,,,,,,08-Jul-2022 16:25:56,09-Jul-2022 05:11:20
THUALB_2022_04,233568,08-Jul-2022 12:00:00,11.5,-161,None,,,,,,,,
THUALB_2022_04,233568,09-Jul-2022 00:00:00,11.625,-161.1,None,,,,,,,09-Jul-2022 16:26:37,10-Jul-2022 05:12:44
THUALB_2022_04,233568,09-Jul-2022 04:40:01,11.675,-161.125,Light - Dusk,,,144,5840,,0.100000000000159,,
THUALB_2022_04,233568,09-Jul-2022 12:00:00,11.725,-161.15,None,,,,,,,,
THUALB_2022_04,233568,09-Jul-2022 13:00:01,11.725,-161.15,SST,27.8,27.5545825595547,1,5840,,75.548271627533,,
THUALB_2022_04,233568,09-Jul-2022 16:13:46,11.8,-161.175,Light - Dawn,,,144,5751,,34.8327981236012,,
THUALB_2022_04,233568,10-Jul-2022 00:00:00,11.925,-161.3,None,,,,,,,10-Jul-2022 16:27:10,11-Jul-2022 05:14:04
THUALB_2022_04,233568,10-Jul-2022 12:00:00,12.1,-161.425,None,,,,,,,,
THUALB_2022_04,233568,11-Jul-2022 00:00:00,12.3,-161.55,None,,,,,,,11-Jul-2022 16:27:48,12-Jul-2022 05:15:42
THUALB_2022_04,233568,11-Jul-2022 05:10:01,12.35,-161.6,Light - Dusk,,,144,5600,,0.100850473493238,,
THUALB_2022_04,233568,11-Jul-2022 12:00:00,12.45,-161.65,None,,,,,,,,
THUALB_2022_04,233568,11-Jul-2022 15:00:01,12.475,-161.65,SST,27.3,27.3124997546496,1,5600,,86.507770556004,,
THUALB_2022_04,233568,11-Jul-2022 16:17:31,12.475,-161.675,Light - Dawn,,,176,5600,,16.263057553328,,
THUALB_2022_04,233568,12-Jul-2022 00:00:00,12.575,-161.75,None,,,,,,,12-Jul-2022 16:28:24,13-Jul-2022 05:16:57
THUALB_2022_04,233568,12-Jul-2022 04:41:16,12.625,-161.8,Light - Dusk,,,176,5845,,32.2248426696401,,
THUALB_2022_04,233568,12-Jul-2022 12:00:00,12.625,-161.725,None,,,,,,,,
THUALB_2022_04,233568,12-Jul-2022 13:00:01,12.625,-161.725,SST,27.4,27.2983320692734,1,5773,,95.9060075767398,,
THUALB_2022_04,233568,12-Jul-2022 16:12:31,12.625,-161.7,Light - Dawn,,,176,5773,,13.5963067433393,,
THUALB_2022_04,233568,13-Jul-2022 00:00:00,12.65,-161.675,None,,,,,,,13-Jul-2022 16:28:15,14-Jul-2022 05:16:44
THUALB_2022_04,233568,13-Jul-2022 04:45:01,12.65,-161.675,Light - Dusk,,,208,5773,,0.100271670510592,,
THUALB_2022_04,233568,13-Jul-2022 12:00:00,12.625,-161.65,None,,,,,,,,
THUALB_2022_04,233568,13-Jul-2022 15:00:01,12.625,-161.65,SST,27.4,27.3112500732696,1,5773,,94.6238868605964,,
THUALB_2022_04,233568,13-Jul-2022 16:11:16,12.625,-161.65,Light - Dawn,,,176,5773,,65.0844398677917,,
THUALB_2022_04,233568,14-Jul-2022 00:00:00,12.6,-161.675,None,,,,,,,14-Jul-2022 16:28:36,15-Jul-2022 05:16:35
THUALB_2022_04,233568,14-Jul-2022 12:00:00,12.55,-161.775,None,,,,,,,,
THUALB_2022_04,233568,14-Jul-2022 14:00:01,12.55,-161.775,SST,27.4,27.2658326988308,1,5845,,94.4254961125821,,
THUALB_2022_04,233568,14-Jul-2022 16:18:46,12.55,-161.8,Light - Dawn,,,176,5845,,3.69482322326874,,
THUALB_2022_04,233568,15-Jul-2022 00:00:00,12.55,-161.75,None,,,,,,,15-Jul-2022 16:29:16,16-Jul-2022 05:16:44
THUALB_2022_04,233568,15-Jul-2022 05:07:32,12.6,-161.75,Light - Dusk,,,112,5845,,61.4699764552839,,
THUALB_2022_04,233568,15-Jul-2022 12:00:00,12.55,-161.65,None,,,,,,,,
THUALB_2022_04,233568,15-Jul-2022 15:00:02,12.525,-161.6,SST,27.5,27.3675009787966,2,5773,,91.0338133654222,,
THUALB_2022_04,233568,15-Jul-2022 16:07:32,12.525,-161.6,Light - Dawn,,,176,5773,,0.100000000102776,,
THUALB_2022_04,233568,16-Jul-2022 00:00:00,12.525,-161.425,None,,,,,,,16-Jul-2022 16:28:16,17-Jul-2022 05:15:18
THUALB_2022_04,233568,16-Jul-2022 04:22:32,12.525,-161.375,Light - Dusk,,,176,5721,,0.728395770455796,,
THUALB_2022_04,233568,16-Jul-2022 05:03:47,12.525,-161.375,Light - Dusk,,,176,5721,,0.1000040278509,,
THUALB_2022_04,233568,16-Jul-2022 12:00:00,12.6,-161.575,None,,,,,,,,
THUALB_2022_04,233568,16-Jul-2022 16:00:02,12.7,-161.675,SST,27.5,27.4233333717452,4,5773,,87.3451902817731,,
THUALB_2022_04,233568,16-Jul-2022 16:01:17,12.7,-161.675,Light - Dawn,,,208,5773,,0.10000116109809,,
THUALB_2022_04,233568,17-Jul-2022 00:00:00,12.825,-161.9,None,,,,,,,17-Jul-2022 16:29:56,18-Jul-2022 05:17:35
THUALB_2022_04,233568,17-Jul-2022 12:00:00,13.5,-162.3,None,,,,,,,,
THUALB_2022_04,233568,17-Jul-2022 16:00:02,13.625,-162.4,SST,27.1,27.1833336006271,2,5771,,68.7871569037863,,
THUALB_2022_04,233568,17-Jul-2022 16:10:02,13.625,-162.4,Light - Dawn,,,176,5771,,0.107592091596308,,
THUALB_2022_04,233568,18-Jul-2022 00:00:00,13.675,-162.425,None,,,,,,,18-Jul-2022 16:30:55,19-Jul-2022 05:20:57
THUALB_2022_04,233568,18-Jul-2022 05:06:17,13.775,-162.5,Light - Dusk,,,144,5789,,0.103893555976034,,
THUALB_2022_04,233568,18-Jul-2022 12:00:00,13.925,-162.6,None,,,,,,,,
THUALB_2022_04,233568,18-Jul-2022 15:00:02,12.15,-163.375,SST,26.8,27.1837494443081,2,5546,,53.0809399960294,,
THUALB_2022_04,233568,18-Jul-2022 16:10:02,12.15,-163.375,Light - Dawn,,,112,5546,,0.783247948288665,,
THUALB_2022_04,233568,19-Jul-2022 00:00:00,14,-162.8,None,,,,,,,19-Jul-2022 16:32:09,20-Jul-2022 05:22:50
THUALB_2022_04,233568,19-Jul-2022 04:51:17,14.025,-162.9,Light - Dusk,,,144,5769,,0.0999999999999995,,
THUALB_2022_04,233568,19-Jul-2022 11:00:02,14.05,-163.05,SST,26.9,26.8691660424515,1,5706,,62.3975681363554,,
THUALB_2022_04,233568,19-Jul-2022 12:00:00,14.05,-163.05,None,,,,,,,,
THUALB_2022_04,233568,19-Jul-2022 16:05:02,14.05,-163.1,Light - Dawn,,,80,5706,,22.5211850580605,,
THUALB_2022_04,233568,20-Jul-2022 00:00:00,14.075,-163,None,,,,,,,20-Jul-2022 16:33:07,21-Jul-2022 05:23:35
THUALB_2022_04,233568,20-Jul-2022 04:48:47,14.1,-162.9,Light - Dusk,,,144,5769,,0.120269501180278,,
THUALB_2022_04,233568,20-Jul-2022 12:00:00,14.125,-162.7,None,,,,,,,,
THUALB_2022_04,233568,20-Jul-2022 15:00:02,14.175,-162.625,SST,26.9,26.8924999098425,1,5722,,64.8064668121582,,
THUALB_2022_04,233568,20-Jul-2022 16:03:47,14.175,-162.625,Light - Dawn,,,144,5722,,2.16699027586002,,
THUALB_2022_04,233568,21-Jul-2022 00:00:00,14.15,-162.55,None,,,,,,,21-Jul-2022 16:31:28,22-Jul-2022 05:21:43
THUALB_2022_04,233568,21-Jul-2022 05:16:17,14.075,-162.45,Light - Dusk,,,144,5732,,1.10430719359512,,
THUALB_2022_04,233568,21-Jul-2022 12:00:00,13.925,-162.2,None,,,,,,,,
THUALB_2022_04,233568,21-Jul-2022 12:00:02,13.925,-162.2,SST,27.1,26.9799990792628,1,5754,,70.3839431152663,,
THUALB_2022_04,233568,21-Jul-2022 15:57:32,14.1,-162.15,Light - Dawn,,,112,5742,,0.571567390807628,,
THUALB_2022_04,233568,22-Jul-2022 00:00:00,13.925,-162.4,None,,,,,,,22-Jul-2022 16:31:30,23-Jul-2022 05:20:34
THUALB_2022_04,233568,22-Jul-2022 04:31:17,13.85,-162.5,Light - Dusk,,,144,5789,,0.1,,
THUALB_2022_04,233568,22-Jul-2022 12:00:00,13.725,-162.6,None,,,,,,,,
THUALB_2022_04,233568,22-Jul-2022 13:00:02,13.7,-162.6,SST,27.4,27.346249956908,0,5660,,68.1416215499884,,
THUALB_2022_04,233568,22-Jul-2022 16:05:02,13.725,-162.625,Light - Dawn,,,176,5660,,0.600039164386855,,
THUALB_2022_04,233568,23-Jul-2022 00:00:00,13.675,-162.625,None,,,,,,,23-Jul-2022 16:33:03,24-Jul-2022 05:20:52
THUALB_2022_04,233568,23-Jul-2022 12:00:00,13.275,-162.425,None,,,,,,,,
THUALB_2022_04,233568,24-Jul-2022 00:00:00,12.875,-162.3,None,,,,,,,24-Jul-2022 16:33:15,25-Jul-2022 05:18:07
THUALB_2022_04,233568,24-Jul-2022 12:00:00,12.675,-162.275,None,,,,,,,,
THUALB_2022_04,233568,25-Jul-2022 00:00:00,12.475,-162.325,None,,,,,,,25-Jul-2022 16:34:11,26-Jul-2022 05:17:23
THUALB_2022_04,233568,25-Jul-2022 04:53:47,12.4,-162.375,Light - Dusk,,,176,5618,,6.00761324251512,,
THUALB_2022_04,233568,25-Jul-2022 10:00:02,12.475,-162.45,SST,27.2,27.4716655551946,2,5618,,67.091278597791,,
THUALB_2022_04,233568,25-Jul-2022 12:00:00,12.5,-162.5,None,,,,,,,,
THUALB_2022_04,233568,25-Jul-2022 16:16:17,12.575,-162.6,Light - Dawn,,,176,5529,,37.0424160831079,,
THUALB_2022_04,233568,26-Jul-2022 00:00:00,14.225,-163.4,None,,,,,,,26-Jul-2022 16:36:05,27-Jul-2022 05:24:04
THUALB_2022_04,233568,26-Jul-2022 12:00:00,14.2,-163.425,None,,,,,,,,
THUALB_2022_04,233568,26-Jul-2022 16:00:02,14.175,-163.425,SST,26.5,26.9133310008932,1,5671,,39.3854439090198,,
THUALB_2022_04,233568,26-Jul-2022 16:13:47,14.175,-163.425,Light - Dawn,,,144,5671,,22.4000259468157,,
THUALB_2022_04,233568,27-Jul-2022 00:00:00,14.275,-163.175,None,,,,,,,27-Jul-2022 16:35:21,28-Jul-2022 05:22:58
THUALB_2022_04,233568,27-Jul-2022 04:40:02,14.325,-163,Light - Dusk,,,208,5703,,0.1,,
THUALB_2022_04,233568,27-Jul-2022 05:15:02,14.325,-163,Light - Dusk,,,80,5703,,0.504614591523163,,
THUALB_2022_04,233568,27-Jul-2022 12:00:00,14.375,-162.775,None,,,,,,,,
THUALB_2022_04,233568,27-Jul-2022 12:00:02,14.375,-162.775,SST,26.4,26.6399989266749,1,5703,,45.8047180501162,,
THUALB_2022_04,233568,27-Jul-2022 16:06:17,14.4,-162.625,Light - Dawn,,,208,5694,,0.100000000000049,,
THUALB_2022_04,233568,28-Jul-2022 00:00:00,14.475,-162.4,None,,,,,,,28-Jul-2022 16:32:13,29-Jul-2022 05:19:51
THUALB_2022_04,233568,28-Jul-2022 05:10:02,14.55,-162.3,Light - Dusk,,,80,5787,,56.671567547332,,
THUALB_2022_04,233568,28-Jul-2022 11:00:02,14.55,-162.15,SST,26.4,26.6108315924362,2,5758,,53.5491859223191,,
THUALB_2022_04,233568,28-Jul-2022 12:00:00,14.55,-162.125,None,,,,,,,,
THUALB_2022_04,233568,28-Jul-2022 16:15:02,14.575,-162.05,Light - Dawn,,,144,5758,,0.342767346112498,,
THUALB_2022_04,233568,29-Jul-2022 00:00:00,14.625,-161.875,None,,,,,,,29-Jul-2022 16:30:08,30-Jul-2022 05:17:40
THUALB_2022_04,233568,29-Jul-2022 04:56:17,14.65,-161.75,Light - Dusk,,,144,5751,,0.101652620246872,,
THUALB_2022_04,233568,29-Jul-2022 11:00:02,14.7,-161.625,SST,26.4,26.6166684072547,3,5755,,54.2573423546581,,
THUALB_2022_04,233568,29-Jul-2022 12:00:00,14.7,-161.625,None,,,,,,,,
THUALB_2022_04,233568,29-Jul-2022 16:10:02,14.75,-161.575,Light - Dawn,,,112,5671,,0.100003517120323,,
THUALB_2022_04,233568,30-Jul-2022 00:00:00,14.825,-161.45,None,,,,,,,30-Jul-2022 16:28:24,31-Jul-2022 05:15:55
THUALB_2022_04,233568,30-Jul-2022 12:00:00,14.925,-161.275,None,,,,,,,,
THUALB_2022_04,233568,31-Jul-2022 00:00:00,15.05,-161.1,None,,,,,,,31-Jul-2022 16:26:55,01-Aug-2022 05:14:29
THUALB_2022_04,233568,31-Jul-2022 05:16:17,15.075,-161.075,Light - Dusk,,,80,5701,,14.5703588550175,,
THUALB_2022_04,233568,31-Jul-2022 12:00:00,15.1,-160.9,None,,,,,,,,
THUALB_2022_04,233568,31-Jul-2022 15:00:02,15.075,-160.85,SST,26.3,26.6312471199477,3,5661,,50.0325902885551,,
THUALB_2022_04,233568,31-Jul-2022 16:17:32,15.1,-160.825,Light - Dawn,,,144,5661,,8.9375129865949,,
THUALB_2022_04,233568,01-Aug-2022 00:00:00,15.275,-160.575,None,,,,,,,01-Aug-2022 16:24:45,02-Aug-2022 05:12:19
THUALB_2022_04,233568,01-Aug-2022 05:02:32,15.55,-160.325,Light - Dusk,,,80,5663,,57.7507767976879,,
THUALB_2022_04,233568,01-Aug-2022 12:00:00,15.8,-160.025,None,,,,,,,,
THUALB_2022_04,233568,01-Aug-2022 12:00:02,15.8,-160.025,SST,26.4,26.5399981100029,2,5673,,64.4126422371348,,
THUALB_2022_04,233568,01-Aug-2022 16:18:47,15.775,-159.95,Light - Dawn,,,80,5685,,0.117669030484673,,
THUALB_2022_04,233568,02-Aug-2022 00:00:00,15.7,-159.8,None,,,,,,,02-Aug-2022 16:21:18,03-Aug-2022 05:09:25
THUALB_2022_04,233568,02-Aug-2022 04:25:02,15.7,-159.7,Light - Dusk,,,176,5686,,2.31178157153357,,
THUALB_2022_04,233568,02-Aug-2022 12:00:00,15.7,-159.525,None,,,,,,,,
THUALB_2022_04,233568,02-Aug-2022 16:25:02,15.725,-159.425,Light - Dawn,,,144,5759,,2.66255203171468,,
THUALB_2022_04,233568,02-Aug-2022 17:00:02,15.725,-159.425,SST,26.4,26.4287490258393,2,5759,,69.0515757559337,,
THUALB_2022_04,233568,03-Aug-2022 00:00:00,15.65,-159.3,None,,,,,,,03-Aug-2022 16:19:37,04-Aug-2022 05:06:56
THUALB_2022_04,233568,03-Aug-2022 12:00:00,15.55,-159.1,None,,,,,,,,
THUALB_2022_04,233568,03-Aug-2022 15:00:02,15.525,-159.05,SST,26.5,26.3749999722728,2,5607,,77.4738963779546,,
THUALB_2022_04,233568,03-Aug-2022 16:35:02,15.525,-159,Light - Dawn,,,144,5626,,1.98960586516231,,
THUALB_2022_04,233568,04-Aug-2022 00:00:00,15.525,-158.875,None,,,,,,,04-Aug-2022 16:18:20,05-Aug-2022 05:04:38
THUALB_2022_04,233568,04-Aug-2022 04:41:17,15.55,-158.825,Light - Dusk,,,208,5626,,0.0999999999999996,,
THUALB_2022_04,233568,04-Aug-2022 05:16:17,15.55,-158.825,Light - Dusk,,,112,5626,,48.2971993117971,,
THUALB_2022_04,233568,04-Aug-2022 12:00:00,15.575,-158.85,None,,,,,,,,
THUALB_2022_04,233568,04-Aug-2022 16:15:02,15.625,-158.875,Light - Dawn,,,176,5626,,1.46451204312194,,
THUALB_2022_04,233568,05-Aug-2022 00:00:00,15.725,-159,None,,,,,,,05-Aug-2022 16:18:48,06-Aug-2022 05:04:57
THUALB_2022_04,233568,05-Aug-2022 04:42:32,15.85,-159.075,Light - Dusk,,,144,5691,,5.94047428963621,,
THUALB_2022_04,233568,05-Aug-2022 12:00:00,15.85,-159.175,None,,,,,,,,
THUALB_2022_04,233568,05-Aug-2022 16:00:02,15.9,-159.25,SST,25.8,26.3566655248624,2,5668,,27.8541850909301,,
THUALB_2022_04,233568,05-Aug-2022 16:13:47,15.9,-159.25,Light - Dawn,,,144,5668,,7.95081845634249,,
THUALB_2022_04,233568,06-Aug-2022 00:00:00,15.95,-159.425,None,,,,,,,06-Aug-2022 16:20:26,07-Aug-2022 05:06:29
THUALB_2022_04,233568,06-Aug-2022 04:33:48,16,-159.575,Light - Dusk,,,112,5687,,0.128215344679285,,
THUALB_2022_04,233568,06-Aug-2022 12:00:00,16.025,-159.65,None,,,,,,,,
THUALB_2022_04,233568,06-Aug-2022 14:00:03,16.025,-159.675,SST,25.5,26.3616661022769,2,5686,,11.9998072108961,,
THUALB_2022_04,233568,06-Aug-2022 16:13:48,16,-159.7,Light - Dawn,,,176,5687,,22.874278700817,,
THUALB_2022_04,233568,07-Aug-2022 00:00:00,16.075,-159.625,None,,,,,,,07-Aug-2022 16:21:19,08-Aug-2022 05:06:57
THUALB_2022_04,233568,07-Aug-2022 04:53:48,16.125,-159.575,Light - Dusk,,,112,5686,,0.1,,
THUALB_2022_04,233568,07-Aug-2022 12:00:00,16.175,-159.5,None,,,,,,,,
THUALB_2022_04,233568,07-Aug-2022 16:00:03,16.225,-159.5,SST,25.4,26.3833343065447,3,5675,,10.9743153118233,,
THUALB_2022_04,233568,07-Aug-2022 16:12:33,16.225,-159.5,Light - Dawn,,,144,5675,,32.2152150185849,,
THUALB_2022_04,233568,08-Aug-2022 00:00:00,16.25,-159.425,None,,,,,,,08-Aug-2022 16:20:31,09-Aug-2022 05:05:53
THUALB_2022_04,233568,08-Aug-2022 04:51:18,16.275,-159.4,Light - Dusk,,,112,5640,,0.100000000019897,,
THUALB_2022_04,233568,08-Aug-2022 12:00:00,16.3,-159.375,None,,,,,,,,
THUALB_2022_04,233568,08-Aug-2022 13:00:03,16.3,-159.375,SST,25.4,26.3854162986411,2,5640,,10.792376378003,,
THUALB_2022_04,233568,08-Aug-2022 16:11:18,16.3,-159.325,Light - Dawn,,,176,5640,,0.109567862597075,,
THUALB_2022_04,233568,09-Aug-2022 00:00:00,16.325,-159.375,None,,,,,,,09-Aug-2022 16:20:27,10-Aug-2022 05:05:15
THUALB_2022_04,233568,09-Aug-2022 04:28:48,16.325,-159.4,Light - Dusk,,,112,5640,,0.101344459491799,,
THUALB_2022_04,233568,09-Aug-2022 12:00:00,16.3,-159.425,None,,,,,,,,
THUALB_2022_04,233568,09-Aug-2022 14:00:03,16.3,-159.425,SST,25.4,26.3783317614926,2,5640,,10.416653288628,,
THUALB_2022_04,233568,09-Aug-2022 16:08:48,16.3,-159.425,Light - Dawn,,,208,5640,,0.10000000000009,,
THUALB_2022_04,233568,10-Aug-2022 00:00:00,16.275,-159.45,None,,,,,,,10-Aug-2022 16:21:03,11-Aug-2022 05:04:58
THUALB_2022_04,233568,10-Aug-2022 12:00:00,16.225,-159.5,None,,,,,,,,
THUALB_2022_04,233568,11-Aug-2022 00:00:00,16.175,-159.55,None,,,,,,,11-Aug-2022 16:21:47,12-Aug-2022 05:04:42
THUALB_2022_04,233568,11-Aug-2022 12:00:00,16.15,-159.625,None,,,,,,,,
THUALB_2022_04,233568,12-Aug-2022 00:00:00,16.125,-159.7,None,,,,,,,12-Aug-2022 16:22:39,13-Aug-2022 05:04:41
THUALB_2022_04,233568,12-Aug-2022 12:00:00,16.125,-159.8,None,,,,,,,,
THUALB_2022_04,233568,13-Aug-2022 00:00:00,16.125,-159.9,None,,,,,,,13-Aug-2022 16:23:40,14-Aug-2022 05:04:55
THUALB_2022_04,233568,13-Aug-2022 04:56:18,16.175,-159.925,Light - Dusk,,,112,5678,,0.133585667663849,,
THUALB_2022_04,233568,13-Aug-2022 12:00:00,16.05,-159.95,None,,,,,,,,
THUALB_2022_04,233568,13-Aug-2022 15:00:03,16,-159.95,SST,25.9,26.6212479188045,3,5685,,21.0428531325956,,
THUALB_2022_04,233568,13-Aug-2022 16:13:48,16,-159.95,Light - Dawn,,,176,5685,,0.678411330267177,,
THUALB_2022_04,233568,14-Aug-2022 00:00:00,16,-159.875,None,,,,,,,14-Aug-2022 16:23:54,15-Aug-2022 05:04:06
THUALB_2022_04,233568,14-Aug-2022 12:00:00,15.95,-159.75,None,,,,,,,,
THUALB_2022_04,233568,14-Aug-2022 15:00:03,15.925,-159.7,SST,25.9,26.5787474437555,2,5687,,25.098534561454,,
THUALB_2022_04,233568,14-Aug-2022 16:07:33,15.925,-159.7,Light - Dawn,,,112,5687,,35.4012195618495,,
THUALB_2022_04,233568,15-Aug-2022 00:00:00,15.85,-159.525,None,,,,,,,15-Aug-2022 16:22:51,16-Aug-2022 05:01:57
THUALB_2022_04,233568,15-Aug-2022 04:56:18,15.8,-159.35,Light - Dusk,,,80,5668,,4.45448637845375,,
THUALB_2022_04,233568,15-Aug-2022 04:57:33,15.8,-159.35,Light - Dusk,,,80,5668,,12.4734238948895,,
THUALB_2022_04,233568,15-Aug-2022 12:00:00,15.9,-159.55,None,,,,,,,,
THUALB_2022_04,233568,15-Aug-2022 14:00:03,15.95,-159.625,SST,25.9,26.5249976941612,2,5687,,27.7218980574656,,
THUALB_2022_04,233568,15-Aug-2022 16:08:48,16,-159.7,Light - Dawn,,,176,5687,,0.101665349835151,,
THUALB_2022_04,233568,16-Aug-2022 00:00:00,16.2,-159.975,None,,,,,,,16-Aug-2022 16:24:28,17-Aug-2022 05:03:31
THUALB_2022_04,233568,16-Aug-2022 05:01:18,16.3,-160.125,Light - Dusk,,,80,5726,,1.78343531567576,,
THUALB_2022_04,233568,16-Aug-2022 12:00:00,16.225,-160.05,None,,,,,,,,
THUALB_2022_04,233568,16-Aug-2022 15:00:03,16.2,-160.05,SST,26.2,26.516249527004,1,5701,,46.0598645891871,,
THUALB_2022_04,233568,16-Aug-2022 16:16:18,16.2,-160.025,Light - Dawn,,,144,5701,,0.100000000000211,,
THUALB_2022_04,233568,17-Aug-2022 00:00:00,16.175,-160,None,,,,,,,17-Aug-2022 16:24:46,18-Aug-2022 05:02:59
THUALB_2022_04,233568,17-Aug-2022 12:00:00,16.2,-160.075,None,,,,,,,,
THUALB_2022_04,233568,17-Aug-2022 14:00:03,16.225,-160.1,SST,26.2,26.566667950352,1,5701,,39.9626981695187,,
THUALB_2022_04,233568,17-Aug-2022 16:15:03,16.225,-160.125,Light - Dawn,,,176,5701,,0.1,,
THUALB_2022_04,233568,18-Aug-2022 00:00:00,16.275,-160.225,None,,,,,,,18-Aug-2022 16:25:45,19-Aug-2022 05:03:21
THUALB_2022_04,233568,18-Aug-2022 05:05:03,16.3,-160.325,Light - Dusk,,,112,5763,,12.1807591210468,,
THUALB_2022_04,233568,18-Aug-2022 09:00:03,16.325,-160.35,SST,26.8,26.657500484652,2,5763,,93.0088010773101,,
THUALB_2022_04,233568,18-Aug-2022 12:00:00,16.3,-160.35,None,,,,,,,,
THUALB_2022_04,233568,18-Aug-2022 16:06:18,16.3,-160.375,Light - Dawn,,,176,5763,,0.100000081721062,,
THUALB_2022_04,233568,19-Aug-2022 00:00:00,16.275,-160.4,None,,,,,,,19-Aug-2022 16:26:38,20-Aug-2022 05:03:25
THUALB_2022_04,233568,19-Aug-2022 05:08:48,16.15,-160.4,Light - Dusk,,,80,5732,,31.2873937568465,,
THUALB_2022_04,233568,19-Aug-2022 12:00:00,16.325,-160.65,None,,,,,,,,
THUALB_2022_04,233568,19-Aug-2022 14:00:03,16.375,-160.725,SST,26.9,26.7341659570403,0,5712,,92.3472741400786,,
THUALB_2022_04,233568,19-Aug-2022 15:57:33,16.375,-160.775,Light - Dawn,,,176,5733,,0.100000001494917,,
THUALB_2022_04,233568,20-Aug-2022 00:00:00,16.425,-160.95,None,,,,,,,20-Aug-2022 16:28:51,21-Aug-2022 05:05:06
THUALB_2022_04,233568,20-Aug-2022 05:11:18,16.5,-161.1,Light - Dusk,,,80,5740,,0.149371426768382,,
THUALB_2022_04,233568,20-Aug-2022 05:12:33,16.5,-161.1,Light - Dusk,,,80,5740,,5.52886328553825,,
THUALB_2022_04,233568,20-Aug-2022 12:00:00,16.4,-161.125,None,,,,,,,,
THUALB_2022_04,233568,20-Aug-2022 13:00:03,16.4,-161.125,SST,26.6,26.8854162986411,0,5740,,51.2130172013357,,
THUALB_2022_04,233568,20-Aug-2022 16:05:03,16.375,-161.15,Light - Dawn,,,112,5740,,2.55491321528297,,
THUALB_2022_04,233568,21-Aug-2022 00:00:00,16.375,-161.35,None,,,,,,,21-Aug-2022 16:30:40,22-Aug-2022 05:05:59
THUALB_2022_04,233568,21-Aug-2022 12:00:00,16.325,-161.65,None,,,,,,,,
THUALB_2022_04,233568,21-Aug-2022 16:03:48,16.425,-161.825,Light - Dawn,,,144,5667,,1.30127524515319,,
THUALB_2022_04,233568,21-Aug-2022 17:00:03,16.4,-161.8,SST,26.6,27.0999984741211,2,5667,,41.4270904610327,,
THUALB_2022_04,233568,22-Aug-2022 00:00:00,16.35,-161.65,None,,,,,,,22-Aug-2022 16:32:04,23-Aug-2022 05:06:29
THUALB_2022_04,233568,22-Aug-2022 05:13:48,16.375,-161.575,Light - Dusk,,,48,5677,,92.8717478260993,,
THUALB_2022_04,233568,22-Aug-2022 05:15:03,16.375,-161.575,Light - Dusk,,,48,5677,,83.5718685616736,,
THUALB_2022_04,233568,22-Aug-2022 12:00:00,16.375,-161.45,None,,,,,,,,
THUALB_2022_04,233568,22-Aug-2022 16:00:03,16.375,-161.4,SST,26.8,26.9533319179879,1,5745,,63.5706160895261,,
THUALB_2022_04,233568,22-Aug-2022 16:02:33,16.375,-161.4,Light - Dawn,,,144,5745,,29.1463014811147,,
THUALB_2022_04,233568,23-Aug-2022 00:00:00,16.4,-161.425,None,,,,,,,23-Aug-2022 16:31:16,24-Aug-2022 05:04:57
THUALB_2022_04,233568,23-Aug-2022 05:11:18,16.425,-161.425,Light - Dusk,,,80,5745,,32.8616567083101,,
THUALB_2022_04,233568,23-Aug-2022 12:00:00,16.45,-161.5,None,,,,,,,,
THUALB_2022_04,233568,23-Aug-2022 15:00:03,16.45,-161.525,SST,26.9,26.9824968008863,1,5677,,74.1113805643311,,
THUALB_2022_04,233568,23-Aug-2022 16:05:03,16.45,-161.525,Light - Dawn,,,176,5677,,0.1,,
THUALB_2022_04,233568,24-Aug-2022 00:00:00,16.525,-161.625,None,,,,,,,24-Aug-2022 16:32:07,25-Aug-2022 05:05:09
THUALB_2022_04,233568,24-Aug-2022 05:17:33,16.55,-161.65,Light - Dusk,,,80,5749,,88.7021943289325,,
THUALB_2022_04,233568,24-Aug-2022 12:00:00,16.625,-161.775,None,,,,,,,,
THUALB_2022_04,233568,24-Aug-2022 15:00:03,16.65,-161.8,SST,26.9,27.107501444353,2,5848,,59.8083987564755,,
THUALB_2022_04,233568,24-Aug-2022 16:11:18,16.65,-161.825,Light - Dawn,,,176,5848,,0.100000001439127,,
THUALB_2022_04,233568,25-Aug-2022 00:00:00,16.75,-161.95,None,,,,,,,25-Aug-2022 16:33:23,26-Aug-2022 05:05:56
THUALB_2022_04,233568,25-Aug-2022 04:37:33,16.825,-162.05,Light - Dusk,,,176,5774,,0.0999999999999996,,
THUALB_2022_04,233568,25-Aug-2022 09:00:03,16.85,-162.1,SST,27.1,27.2187510208951,1,5774,,69.6813184706985,,
THUALB_2022_04,233568,25-Aug-2022 12:00:00,16.9,-162.15,None,,,,,,,,
THUALB_2022_04,233568,25-Aug-2022 16:01:18,16.975,-162.225,Light - Dawn,,,208,5774,,0.10000000000041,,
THUALB_2022_04,233568,26-Aug-2022 00:00:00,17.125,-162.35,None,,,,,,,26-Aug-2022 16:34:50,27-Aug-2022 05:07:07
THUALB_2022_04,233568,26-Aug-2022 05:21:18,17.175,-162.4,Light - Dusk,,,48,5743,,18.0828930807522,,
THUALB_2022_04,233568,26-Aug-2022 12:00:00,17.15,-162.3,None,,,,,,,,
THUALB_2022_04,233568,26-Aug-2022 15:00:03,17.125,-162.25,SST,27.1,27.2974984853797,2,5743,,59.2371311510322,,
THUALB_2022_04,233568,26-Aug-2022 16:16:18,17.125,-162.225,Light - Dawn,,,208,5789,,0.100000000000077,,
THUALB_2022_04,233568,27-Aug-2022 00:00:00,17.075,-162.1,None,,,,,,,27-Aug-2022 16:34:03,28-Aug-2022 05:05:20
THUALB_2022_04,233568,27-Aug-2022 05:17:33,17,-161.925,Light - Dusk,,,112,5790,,74.9483201423605,,
THUALB_2022_04,233568,27-Aug-2022 12:00:00,17.1,-161.75,None,,,,,,,,
THUALB_2022_04,233568,27-Aug-2022 15:00:03,17.1,-161.65,SST,27.1,27.1874990671873,1,5869,,74.8925873763016,,
THUALB_2022_04,233568,27-Aug-2022 16:07:33,17.125,-161.65,Light - Dawn,,,208,5869,,9.30846371489877,,
THUALB_2022_04,233568,28-Aug-2022 00:00:00,17.075,-161.75,None,,,,,,,28-Aug-2022 16:32:48,29-Aug-2022 05:03:11
THUALB_2022_04,233568,28-Aug-2022 12:00:00,17,-161.9,None,,,,,,,,
THUALB_2022_04,233568,28-Aug-2022 15:00:04,16.975,-161.95,SST,27.1,27.1474986353627,2,5790,,72.1365129931438,,
THUALB_2022_04,233568,28-Aug-2022 16:15:04,16.975,-161.95,Light - Dawn,,,208,5790,,51.706061921537,,
THUALB_2022_04,233568,29-Aug-2022 00:00:00,16.975,-162.15,None,,,,,,,29-Aug-2022 16:34:38,30-Aug-2022 05:03:57
THUALB_2022_04,233568,29-Aug-2022 05:15:04,16.95,-162.175,Light - Dusk,,,80,5774,,98.5303384340114,,
THUALB_2022_04,233568,29-Aug-2022 05:17:34,16.95,-162.175,Light - Dusk,,,48,5774,,92.8683915823433,,
THUALB_2022_04,233568,29-Aug-2022 12:00:00,16.9,-162.375,None,,,,,,,,
THUALB_2022_04,233568,29-Aug-2022 15:00:04,16.875,-162.4,SST,27.1,27.2824997624645,1,5622,,56.0953838406954,,
THUALB_2022_04,233568,29-Aug-2022 16:11:19,16.875,-162.425,Light - Dawn,,,144,5622,,0.100017592480882,,
THUALB_2022_04,233568,30-Aug-2022 00:00:00,16.825,-162.55,None,,,,,,,30-Aug-2022 16:36:29,31-Aug-2022 05:04:41
THUALB_2022_04,233568,30-Aug-2022 12:00:00,16.725,-162.725,None,,,,,,,,
THUALB_2022_04,233568,31-Aug-2022 00:00:00,16.65,-162.9,None,,,,,,,31-Aug-2022 16:38:08,01-Sep-2022 05:05:13
THUALB_2022_04,233568,31-Aug-2022 12:00:00,16.575,-163.075,None,,,,,,,,
THUALB_2022_04,233568,01-Sep-2022 00:00:00,16.525,-163.225,None,,,,,,,01-Sep-2022 16:39:39,02-Sep-2022 05:05:40
THUALB_2022_04,233568,01-Sep-2022 05:12:34,16.5,-163.3,Light - Dusk,,,80,5736,,99.2055613209445,,
THUALB_2022_04,233568,01-Sep-2022 12:00:00,16.525,-163.4,None,,,,,,,,
THUALB_2022_04,233568,01-Sep-2022 13:00:04,16.525,-163.4,SST,27.1,27.5833360038863,1,5890,,39.9478382365591,,
THUALB_2022_04,233568,01-Sep-2022 16:12:34,16.475,-163.45,Light - Dawn,,,144,5736,,6.57327584817635,,
THUALB_2022_04,233568,02-Sep-2022 00:00:00,16.425,-163.35,None,,,,,,,02-Sep-2022 16:40:20,03-Sep-2022 05:05:20
THUALB_2022_04,233568,02-Sep-2022 05:05:04,16.425,-163.225,Light - Dusk,,,80,5902,,65.9501925494899,,
THUALB_2022_04,233568,02-Sep-2022 12:00:00,16.475,-163.125,None,,,,,,,,
THUALB_2022_04,233568,02-Sep-2022 15:00:04,16.475,-163,SST,27.1,27.5574984827748,1,5648,,40.6699427757468,,
THUALB_2022_04,233568,02-Sep-2022 16:17:34,16.475,-162.975,Light - Dawn,,,176,5648,,63.8630518794257,,
THUALB_2022_04,233568,03-Sep-2022 00:00:00,16.425,-162.675,None,,,,,,,03-Sep-2022 16:37:45,04-Sep-2022 05:01:52
THUALB_2022_04,233568,03-Sep-2022 04:42:34,16.425,-162.45,Light - Dusk,,,176,5557,,0.100000000000502,,
THUALB_2022_04,233568,03-Sep-2022 12:00:00,16.45,-162.125,None,,,,,,,,
THUALB_2022_04,233568,03-Sep-2022 14:00:04,16.425,-162.025,SST,27,27.1624985157119,1,5691,,47.7892809764027,,
THUALB_2022_04,233568,03-Sep-2022 16:18:49,16.475,-161.925,Light - Dawn,,,240,5667,,1.92633866632176,,
THUALB_2022_04,233568,04-Sep-2022 00:00:00,16.55,-162,None,,,,,,,04-Sep-2022 16:35:06,05-Sep-2022 04:58:28
THUALB_2022_04,233568,04-Sep-2022 05:12:34,16.6,-162.05,Light - Dusk,,,112,5700,,0.201436756918253,,
THUALB_2022_04,233568,04-Sep-2022 12:00:00,16.625,-162.25,None,,,,,,,,
THUALB_2022_04,233568,04-Sep-2022 13:00:04,16.625,-162.275,SST,27.4,27.3083309092345,1,5659,,78.591638211715,,
THUALB_2022_04,233568,04-Sep-2022 16:23:49,16.6,-162.3,Light - Dawn,,,208,5659,,0.10033716618622,,
THUALB_2022_04,233568,05-Sep-2022 00:00:00,16.525,-162.55,None,,,,,,,05-Sep-2022 16:37:26,06-Sep-2022 04:59:52
THUALB_2022_04,233568,05-Sep-2022 05:06:19,16.35,-162.775,Light - Dusk,,,112,5648,,13.3762537443955,,
THUALB_2022_04,233568,05-Sep-2022 09:00:04,16.45,-162.675,SST,27.6,27.3362496037836,1,5512,,79.5868116292297,,
THUALB_2022_04,233568,05-Sep-2022 12:00:00,16.425,-162.6,None,,,,,,,,
THUALB_2022_04,233568,05-Sep-2022 16:23:49,16.4,-162.5,Light - Dawn,,,176,5557,,0.0999999999999999,,
THUALB_2022_04,233568,06-Sep-2022 00:00:00,16.375,-162.325,None,,,,,,,06-Sep-2022 16:36:43,07-Sep-2022 04:58:06
THUALB_2022_04,233568,06-Sep-2022 12:00:00,16.325,-162.125,None,,,,,,,,
THUALB_2022_04,233568,06-Sep-2022 14:00:04,16.325,-162.1,SST,27.1,27.1675014079942,1,5691,,62.6495420153845,,
THUALB_2022_04,233568,06-Sep-2022 16:26:19,16.3,-162.075,Light - Dawn,,,240,5691,,0.100000000015672,,
THUALB_2022_04,233568,07-Sep-2022 00:00:00,16.3,-161.95,None,,,,,,,07-Sep-2022 16:35:22,08-Sep-2022 04:55:47
THUALB_2022_04,233568,07-Sep-2022 05:03:49,16.3,-161.85,Light - Dusk,,,144,5667,,0.235702512412292,,
THUALB_2022_04,233568,07-Sep-2022 12:00:00,16.3,-161.85,None,,,,,,,,
THUALB_2022_04,233568,07-Sep-2022 14:00:04,16.325,-161.825,SST,27.1,27.1800003051758,1,5667,,62.2742894779144,,
THUALB_2022_04,233568,07-Sep-2022 16:23:49,16.3,-161.775,Light - Dawn,,,208,5667,,0.100000000000514,,
THUALB_2022_04,233568,08-Sep-2022 00:00:00,16.25,-161.65,None,,,,,,,08-Sep-2022 16:34:17,09-Sep-2022 04:53:46
THUALB_2022_04,233568,08-Sep-2022 04:20:04,16.2,-161.575,Light - Dusk,,,176,5491,,0.105144676876171,,
THUALB_2022_04,233568,08-Sep-2022 10:00:04,16.175,-161.45,SST,27.4,27.2899990081787,1,5845,,92.9400550689379,,
THUALB_2022_04,233568,08-Sep-2022 12:00:00,16.175,-161.425,None,,,,,,,,
THUALB_2022_04,233568,08-Sep-2022 16:15:04,16.15,-161.375,Light - Dawn,,,176,5845,,0.335152694618993,,
THUALB_2022_04,233568,09-Sep-2022 00:00:00,16.125,-161.275,None,,,,,,,09-Sep-2022 16:32:56,10-Sep-2022 04:51:25
THUALB_2022_04,233568,09-Sep-2022 12:00:00,16.075,-161.1,None,,,,,,,,
THUALB_2022_04,233568,09-Sep-2022 15:00:04,16.05,-161.05,SST,27.6,27.348750549599,2,5895,,82.772500215533,,
THUALB_2022_04,233568,09-Sep-2022 16:22:34,16.05,-161.025,Light - Dawn,,,176,5895,,2.89288078070111,,
THUALB_2022_04,233568,10-Sep-2022 00:00:00,16.025,-161.15,None,,,,,,,10-Sep-2022 16:32:34,11-Sep-2022 04:50:06
THUALB_2022_04,233568,10-Sep-2022 03:50:04,16,-161.2,Light - Dusk,,,208,5854,,0.100000000000362,,
THUALB_2022_04,233568,10-Sep-2022 12:00:00,15.975,-161.325,None,,,,,,,,
THUALB_2022_04,233568,10-Sep-2022 15:00:04,16,-161.375,SST,27.4,27.3412513038847,1,5881,,91.5761766464964,,
THUALB_2022_04,233568,10-Sep-2022 16:25:04,15.975,-161.375,Light - Dawn,,,240,5881,,0.108398283003335,,
THUALB_2022_04,233568,11-Sep-2022 00:00:00,15.9,-161.475,None,,,,,,,11-Sep-2022 16:34:00,12-Sep-2022 04:50:33
THUALB_2022_04,233568,11-Sep-2022 04:32:34,15.875,-161.55,Light - Dusk,,,208,5611,,0.100026228572342,,
THUALB_2022_04,233568,11-Sep-2022 05:00:04,15.875,-161.55,Light - Dusk,,,144,5611,,0.106810149236662,,
THUALB_2022_04,233568,11-Sep-2022 12:00:00,15.8,-161.65,None,,,,,,,,
THUALB_2022_04,233568,11-Sep-2022 15:00:04,15.8,-161.7,SST,27.4,27.3612517616484,2,5611,,90.2199189422421,,
THUALB_2022_04,233568,11-Sep-2022 16:15:04,15.775,-161.725,Light - Dawn,,,112,5611,,46.1186119077285,,
THUALB_2022_04,233568,12-Sep-2022 00:00:00,15.675,-161.9,None,,,,,,,12-Sep-2022 16:35:52,13-Sep-2022 04:51:24
THUALB_2022_04,233568,12-Sep-2022 04:51:19,15.6,-162.025,Light - Dusk,,,176,5603,,0.100000002855605,,
THUALB_2022_04,233568,12-Sep-2022 10:00:04,15.475,-162.175,SST,27.5,27.352501032794,1,5694,,92.0722092768229,,
THUALB_2022_04,233568,12-Sep-2022 12:00:00,15.475,-162.225,None,,,,,,,,
THUALB_2022_04,233568,12-Sep-2022 16:20:04,15.45,-162.4,Light - Dawn,,,208,5676,,0.111725052033879,,
THUALB_2022_04,233568,13-Sep-2022 00:00:00,15.425,-162.625,None,,,,,,,13-Sep-2022 16:38:55,14-Sep-2022 04:53:26
THUALB_2022_04,233568,13-Sep-2022 04:47:34,15.375,-162.8,Light - Dusk,,,208,5705,,0.547326004200717,,
THUALB_2022_04,233568,13-Sep-2022 12:00:00,15.275,-163.05,None,,,,,,,,
THUALB_2022_04,233568,13-Sep-2022 12:00:04,15.275,-163.05,SST,27.4,27.2899980822316,2,5829,,88.1582771191894,,
THUALB_2022_04,233568,13-Sep-2022 16:12:34,15.25,-163.2,Light - Dawn,,,208,5829,,0.135930496910972,,
THUALB_2022_04,233568,14-Sep-2022 00:00:00,15.175,-163.45,None,,,,,,,14-Sep-2022 16:42:21,15-Sep-2022 04:55:54
THUALB_2022_04,233568,14-Sep-2022 04:32:34,15.125,-163.625,Light - Dusk,,,208,5780,,0.10010369591759,,
THUALB_2022_04,233568,14-Sep-2022 12:00:00,15.025,-163.875,None,,,,,,,,
THUALB_2022_04,233568,14-Sep-2022 13:00:04,15,-163.9,SST,27.6,27.4437483568545,2,5697,,83.265080392026,,
THUALB_2022_04,233568,14-Sep-2022 16:13:49,15,-164,Light - Dawn,,,208,5697,,0.100000004473874,,
THUALB_2022_04,233568,15-Sep-2022 00:00:00,14.925,-164.225,None,,,,,,,15-Sep-2022 16:45:34,16-Sep-2022 04:58:10
THUALB_2022_04,233568,15-Sep-2022 04:53:49,14.875,-164.375,Light - Dusk,,,112,5615,,15.8881256069824,,
THUALB_2022_04,233568,15-Sep-2022 11:00:04,14.75,-164.575,SST,27.4,27.9175019226251,1,5566,,43.3763682494615,,
THUALB_2022_04,233568,15-Sep-2022 12:00:00,14.75,-164.575,None,,,,,,,,
THUALB_2022_04,233568,15-Sep-2022 16:11:19,14.725,-164.725,Light - Dawn,,,208,5709,,0.23133492561776,,
THUALB_2022_04,233568,16-Sep-2022 00:00:00,14.6,-165.025,None,,,,,,,16-Sep-2022 16:48:53,17-Sep-2022 05:00:32
THUALB_2022_04,233568,16-Sep-2022 04:36:19,14.575,-165.15,Light - Dusk,,,176,5591,,4.41508864348896,,
THUALB_2022_04,233568,16-Sep-2022 10:00:04,14.4,-165.125,SST,28.4,28.2266679845033,1,5622,,78.5130375048238,,
THUALB_2022_04,233568,16-Sep-2022 12:00:00,14.375,-165.1,None,,,,,,,,
THUALB_2022_04,233568,16-Sep-2022 16:10:04,14.3,-165.075,Light - Dawn,,,176,5622,,0.143810224373615,,
THUALB_2022_04,233568,17-Sep-2022 00:00:00,14.175,-165.05,None,,,,,,,17-Sep-2022 16:49:07,18-Sep-2022 04:59:48
THUALB_2022_04,233568,17-Sep-2022 04:55:04,14.1,-165.075,Light - Dusk,,,112,5606,,6.11802295180796,,
THUALB_2022_04,233568,17-Sep-2022 11:00:04,14.025,-165.025,SST,28.4,28.2733291305436,1,5606,,86.3484167168392,,
THUALB_2022_04,233568,17-Sep-2022 12:00:00,14,-165.025,None,,,,,,,,
THUALB_2022_04,233568,17-Sep-2022 15:55:04,13.925,-165.025,Light - Dawn,,,144,5611,,0.100001354752119,,
THUALB_2022_04,233568,18-Sep-2022 00:00:00,13.8,-165.025,None,,,,,,,18-Sep-2022 16:49:06,19-Sep-2022 04:58:54
THUALB_2022_04,233568,18-Sep-2022 12:00:00,13.625,-165.075,None,,,,,,,,
THUALB_2022_04,233568,18-Sep-2022 13:00:04,13.625,-165.075,SST,28.4,28.1870732559098,1,5523,,81.2720944549615,,
THUALB_2022_04,233568,18-Sep-2022 16:01:19,13.55,-165.05,Light - Dawn,,,144,5523,,0.127606123452982,,
THUALB_2022_04,233568,19-Sep-2022 00:00:00,13.45,-165.05,None,,,,,,,19-Sep-2022 16:49:16,20-Sep-2022 04:58:14
THUALB_2022_04,233568,19-Sep-2022 04:52:35,13.4,-165.075,Light - Dusk,,,112,5553,,44.2155011123776,,
THUALB_2022_04,233568,19-Sep-2022 04:58:50,13.4,-165.075,Light - Dusk,,,112,5553,,1.06633227811943,,
THUALB_2022_04,233568,19-Sep-2022 12:00:00,13.225,-164.85,None,,,,,,,,
THUALB_2022_04,233568,19-Sep-2022 15:00:05,13.175,-164.775,SST,28.2,28.116249424771,1,5627,,84.4992577654946,,
THUALB_2022_04,233568,19-Sep-2022 16:06:20,13.15,-164.75,Light - Dawn,,,16,5627,,42.589421859964,,
THUALB_2022_04,233568,20-Sep-2022 00:00:00,13,-164.675,None,,,,,,,20-Sep-2022 16:47:49,21-Sep-2022 04:55:59
THUALB_2022_04,233568,20-Sep-2022 12:00:00,12.8,-164.625,None,,,,,,,,
THUALB_2022_04,233568,20-Sep-2022 14:00:05,12.75,-164.6,SST,28.3,28.1108302745554,1,5727,,80.9691764417154,,
THUALB_2022_04,233568,20-Sep-2022 15:57:35,12.725,-164.575,Light - Dawn,,,176,5563,,0.11387434013921,,
THUALB_2022_04,233568,21-Sep-2022 00:00:00,12.625,-164.525,None,,,,,,,21-Sep-2022 16:47:14,22-Sep-2022 04:54:39
THUALB_2022_04,233568,21-Sep-2022 04:47:35,12.575,-164.55,Light - Dusk,,,144,5563,,0.162277051892427,,
THUALB_2022_04,233568,21-Sep-2022 05:05:05,12.575,-164.55,Light - Dusk,,,112,5563,,14.2664124351065,,
THUALB_2022_04,233568,21-Sep-2022 11:00:05,12.425,-164.525,SST,28.4,28.252495551882,1,5371,,77.4276360485351,,
THUALB_2022_04,233568,21-Sep-2022 12:00:00,12.425,-164.525,None,,,,,,,,
THUALB_2022_04,233568,21-Sep-2022 16:08:50,12.4,-164.575,Light - Dawn,,,176,5371,,0.100000000000491,,
THUALB_2022_04,233568,22-Sep-2022 00:00:00,12.35,-164.6,None,,,,,,,22-Sep-2022 16:47:32,23-Sep-2022 04:54:15
THUALB_2022_04,233568,22-Sep-2022 04:57:35,12.3,-164.575,Light - Dusk,,,144,5371,,21.1284935013539,,
THUALB_2022_04,233568,22-Sep-2022 12:00:00,12.3,-164.725,None,,,,,,,,
THUALB_2022_04,233568,22-Sep-2022 13:00:05,12.3,-164.725,SST,28.6,28.3825162611626,1,5371,,81.3532647594559,,
THUALB_2022_04,233568,22-Sep-2022 15:55:05,12.275,-164.8,Light - Dawn,,,176,5438,,0.100009479079071,,
THUALB_2022_04,233568,23-Sep-2022 00:00:00,12.25,-164.875,None,,,,,,,23-Sep-2022 16:48:38,24-Sep-2022 04:54:39
THUALB_2022_04,233568,23-Sep-2022 04:28:50,12.25,-164.9,Light - Dusk,,,112,5438,,11.6624418145728,,
THUALB_2022_04,233568,23-Sep-2022 12:00:00,12.35,-165,None,,,,,,,,
THUALB_2022_04,233568,23-Sep-2022 13:00:05,12.35,-165,SST,28.4,28.5416680278601,1,5438,,66.7681020162299,,
THUALB_2022_04,233568,23-Sep-2022 15:32:35,12.3,-164.975,Light - Dawn,,,112,5438,,3.6676758769401,,
THUALB_2022_04,233568,24-Sep-2022 00:00:00,12.175,-164.925,None,,,,,,,24-Sep-2022 16:48:49,25-Sep-2022 04:54:11
THUALB_2022_04,233568,24-Sep-2022 12:00:00,12.1,-164.95,None,,,,,,,,
THUALB_2022_04,233568,24-Sep-2022 12:00:05,12.1,-164.95,SST,28.6,28.5949917901445,1,5276,,82.4736013472209,,
THUALB_2022_04,233568,24-Sep-2022 16:03:50,12.025,-164.9,Light - Dawn,,,144,5276,,0.1,,
THUALB_2022_04,233568,25-Sep-2022 00:00:00,11.875,-164.9,None,,,,,,,25-Sep-2022 16:48:41,26-Sep-2022 04:53:25
THUALB_2022_04,233568,25-Sep-2022 04:36:20,11.85,-164.9,Light - Dusk,,,144,5176,,0.136243605069659,,
THUALB_2022_04,233568,25-Sep-2022 04:48:50,11.85,-164.9,Light - Dusk,,,112,5176,,0.100000000302075,,
THUALB_2022_04,233568,25-Sep-2022 12:00:00,11.775,-164.825,None,,,,,,,,
THUALB_2022_04,233568,25-Sep-2022 13:00:05,11.775,-164.825,SST,28.5,28.5024889253908,1,5176,,86.9342658610874,,
THUALB_2022_04,233568,25-Sep-2022 15:55:05,11.675,-164.775,Light - Dawn,,,144,4904,,0.12030524061448,,
THUALB_2022_04,233568,26-Sep-2022 00:00:00,11.5,-164.675,None,,,,,,,26-Sep-2022 16:47:44,27-Sep-2022 04:51:53
THUALB_2022_04,233568,26-Sep-2022 04:31:20,11.425,-164.65,Light - Dusk,,,176,5132,,0.100000005057182,,
THUALB_2022_04,233568,26-Sep-2022 12:00:00,11.325,-164.6,None,,,,,,,,
THUALB_2022_04,233568,26-Sep-2022 14:00:05,11.3,-164.575,SST,28.6,28.4058259248734,1,5132,,89.579785080959,,
THUALB_2022_04,233568,26-Sep-2022 16:10:05,11.275,-164.55,Light - Dawn,,,144,5132,,2.10405176911067,,
THUALB_2022_04,233568,27-Sep-2022 00:00:00,11.125,-164.475,None,,,,,,,27-Sep-2022 16:46:52,28-Sep-2022 04:50:29
THUALB_2022_04,233568,27-Sep-2022 11:00:05,10.975,-164.35,SST,28.5,28.3679123741609,1,4991,,91.8296535166718,,
THUALB_2022_04,233568,27-Sep-2022 12:00:00,10.975,-164.35,None,,,,,,,,
THUALB_2022_04,233568,27-Sep-2022 16:01:20,10.9,-164.3,Light - Dawn,,,112,4991,,0.627718709257168,,
THUALB_2022_04,233568,28-Sep-2022 00:00:00,10.725,-164.2,None,,,,,,,28-Sep-2022 16:45:40,29-Sep-2022 04:48:48
THUALB_2022_04,233568,28-Sep-2022 04:22:35,10.6,-164.15,Light - Dusk,,,144,4606,,1.7752758126992,,
THUALB_2022_04,233568,28-Sep-2022 04:50:05,10.6,-164.15,Light - Dusk,,,112,4606,,0.101457798754755,,
THUALB_2022_04,233568,28-Sep-2022 12:00:00,10.4,-164.175,None,,,,,,,,
THUALB_2022_04,233568,28-Sep-2022 12:00:05,10.4,-164.175,SST,28.3,28.3900051765972,1,4664,,76.9628473580962,,
THUALB_2022_04,233568,28-Sep-2022 16:06:20,10.4,-164.225,Light - Dawn,,,112,4664,,0.101021601656269,,
THUALB_2022_04,233568,29-Sep-2022 00:00:00,10.3,-164.25,None,,,,,,,29-Sep-2022 16:45:45,30-Sep-2022 04:48:28
THUALB_2022_04,233568,29-Sep-2022 10:00:05,9.925,-164.25,SST,28.1,28.4749959554937,1,4756,,54.4293346452469,,
THUALB_2022_04,233568,29-Sep-2022 12:00:00,9.85,-164.25,None,,,,,,,,
THUALB_2022_04,233568,29-Sep-2022 15:55:05,9.675,-164.275,Light - Dawn,,,176,4745,,0.0999999999999996,,
THUALB_2022_04,233568,30-Sep-2022 00:00:00,9.35,-164.3,None,,,,,,,30-Sep-2022 16:45:43,01-Oct-2022 04:48:16
THUALB_2022_04,233568,30-Sep-2022 04:50:05,9.175,-164.35,Light - Dusk,,,144,4952,,0.100000000272789,,
THUALB_2022_04,233568,30-Sep-2022 04:57:35,9.175,-164.35,Light - Dusk,,,80,4952,,4.62688105879024,,
THUALB_2022_04,233568,30-Sep-2022 11:00:05,8.95,-164.275,SST,28.1,28.5433286623822,1,5054,,57.0497839583331,,
THUALB_2022_04,233568,30-Sep-2022 12:00:00,8.95,-164.275,None,,,,,,,,
THUALB_2022_04,233568,30-Sep-2022 16:06:20,8.875,-164.275,Light - Dawn,,,176,5054,,0.1,,
THUALB_2022_04,233568,01-Oct-2022 00:00:00,8.675,-164.25,None,,,,,,,01-Oct-2022 16:45:17,02-Oct-2022 04:47:39
THUALB_2022_04,233568,01-Oct-2022 04:41:20,8.575,-164.25,Light - Dusk,,,80,5028,,89.4274766767424,,
THUALB_2022_04,233568,01-Oct-2022 11:00:05,8.4,-164.25,SST,28.1,28.3679123741609,1,4115,,55.7153786669371,,
THUALB_2022_04,233568,01-Oct-2022 12:00:00,8.4,-164.25,None,,,,,,,,
THUALB_2022_04,233568,01-Oct-2022 15:56:20,8.35,-164.275,Light - Dawn,,,144,4115,,0.109010801397529,,
THUALB_2022_04,233568,02-Oct-2022 00:00:00,8.25,-164.3,None,,,,,,,02-Oct-2022 16:45:18,03-Oct-2022 04:47:25
THUALB_2022_04,233568,02-Oct-2022 12:00:00,8.125,-164.375,None,,,,,,,,
THUALB_2022_04,233568,02-Oct-2022 12:00:05,8.125,-164.375,SST,28.1,28.3900051765972,1,4941,,49.0289965927859,,
THUALB_2022_04,233568,02-Oct-2022 16:08:50,8,-164.425,Light - Dawn,,,208,5103,,0.100010660471755,,
THUALB_2022_04,233568,03-Oct-2022 00:00:00,7.8,-164.6,None,,,,,,,03-Oct-2022 16:46:16,04-Oct-2022 04:48:13
THUALB_2022_04,233568,03-Oct-2022 04:31:20,7.775,-164.8,Light - Dusk,,,176,5096,,0.105927220387857,,
THUALB_2022_04,233568,03-Oct-2022 04:47:35,7.775,-164.8,Light - Dusk,,,80,5096,,0.325565924535679,,
THUALB_2022_04,233568,03-Oct-2022 12:00:00,7.6,-164.55,None,,,,,,,,
THUALB_2022_04,233568,03-Oct-2022 15:00:05,7.45,-164.425,SST,28.5,28.6887610240115,1,4931,,75.5897642573565,,
THUALB_2022_04,233568,03-Oct-2022 16:02:35,7.425,-164.4,Light - Dawn,,,144,4931,,0.552822485876192,,
THUALB_2022_04,233568,04-Oct-2022 00:00:00,7.2,-164.275,None,,,,,,,04-Oct-2022 16:44:41,05-Oct-2022 04:46:35
THUALB_2022_04,233568,04-Oct-2022 11:00:05,6.925,-164.125,SST,28.6,28.5949922893886,1,4974,,85.8454696071146,,
THUALB_2022_04,233568,04-Oct-2022 12:00:00,6.925,-164.125,None,,,,,,,,
THUALB_2022_04,233568,04-Oct-2022 16:10:05,6.825,-164.125,Light - Dawn,,,176,4974,,0.100021624958196,,
THUALB_2022_04,233568,05-Oct-2022 00:00:00,6.65,-164.1,None,,,,,,,05-Oct-2022 16:43:41,06-Oct-2022 04:45:35
THUALB_2022_04,233568,05-Oct-2022 04:25:05,6.55,-164.075,Light - Dusk,,,176,5002,,0.0999999999999999,,
THUALB_2022_04,233568,05-Oct-2022 11:00:05,6.4,-164.025,SST,28.4,28.4708315083274,1,4720,,73.1738091513201,,
THUALB_2022_04,233568,05-Oct-2022 12:00:00,6.375,-164.025,None,,,,,,,,
THUALB_2022_04,233568,05-Oct-2022 16:21:20,6.3,-164.05,Light - Dawn,,,208,4720,,0.100169842102564,,
THUALB_2022_04,233568,06-Oct-2022 00:00:00,6.15,-164.075,None,,,,,,,06-Oct-2022 16:43:17,07-Oct-2022 04:45:12
THUALB_2022_04,233568,06-Oct-2022 04:46:20,6.025,-164.075,Light - Dusk,,,144,4567,,0.10006928252325,,
THUALB_2022_04,233568,06-Oct-2022 12:00:00,5.875,-164.075,None,,,,,,,,
THUALB_2022_04,233568,06-Oct-2022 14:00:05,5.8,-164.1,SST,28,28.2383252823794,1,4385,,47.6197725996042,,
THUALB_2022_04,233568,06-Oct-2022 16:13:50,5.8,-164.075,Light - Dawn,,,176,4385,,0.101233628650037,,
THUALB_2022_04,233568,07-Oct-2022 00:00:00,5.7,-164.075,None,,,,,,,07-Oct-2022 16:42:59,08-Oct-2022 04:44:56
THUALB_2022_04,233568,07-Oct-2022 04:45:05,5.65,-164.05,Light - Dusk,,,112,4451,,0.105574935533491,,
THUALB_2022_04,233568,07-Oct-2022 12:00:00,5.55,-164.05,None,,,,,,,,
THUALB_2022_04,233568,07-Oct-2022 12:00:05,5.55,-164.05,SST,27.9,28.0199948744641,1,4451,,50.3158245409412,,
THUALB_2022_04,233568,07-Oct-2022 16:06:20,5.525,-164.05,Light - Dawn,,,240,4451,,0.1,,
THUALB_2022_04,233568,08-Oct-2022 00:00:00,5.475,-164.05,None,,,,,,,08-Oct-2022 16:42:39,09-Oct-2022 04:44:30
THUALB_2022_04,233568,08-Oct-2022 04:38:50,5.45,-164.075,Light - Dusk,,,112,4766,,0.112594709223633,,
THUALB_2022_04,233568,08-Oct-2022 04:42:35,5.45,-164.075,Light - Dusk,,,112,4766,,0.100031901850896,,
THUALB_2022_04,233568,08-Oct-2022 09:00:05,5.425,-164.05,SST,27.8,27.9400083627966,1,4766,,47.7381305859229,,
THUALB_2022_04,233568,08-Oct-2022 12:00:00,5.45,-164.075,None,,,,,,,,
THUALB_2022_04,233568,08-Oct-2022 16:16:20,5.475,-164.1,Light - Dawn,,,176,4766,,0.200690192461788,,
THUALB_2022_04,233568,09-Oct-2022 00:00:00,5.475,-164.175,None,,,,,,,09-Oct-2022 16:43:01,10-Oct-2022 04:44:35
THUALB_2022_04,233568,09-Oct-2022 12:00:00,5.35,-164.425,None,,,,,,,,
THUALB_2022_04,233568,09-Oct-2022 12:00:05,5.35,-164.425,SST,28.3,28.1950037457325,1,4787,,67.7624599775368,,
THUALB_2022_04,233568,09-Oct-2022 16:25:05,5.225,-164.6,Light - Dawn,,,208,4919,,0.1,,
THUALB_2022_04,233568,10-Oct-2022 00:00:00,5.125,-164.775,None,,,,,,,10-Oct-2022 16:45:07,11-Oct-2022 04:46:45
THUALB_2022_04,233568,10-Oct-2022 03:55:05,5.075,-164.825,Light - Dusk,,,208,4872,,0.1,,
THUALB_2022_04,233568,10-Oct-2022 04:41:20,5.075,-164.85,Light - Dusk,,,112,4872,,0.574253910258319,,
THUALB_2022_04,233568,10-Oct-2022 12:00:00,5.1,-164.6,None,,,,,,,,
THUALB_2022_04,233568,10-Oct-2022 16:00:05,5.125,-164.425,SST,27.9,27.8233232093078,1,4855,,64.2057156160427,,
THUALB_2022_04,233568,10-Oct-2022 16:08:50,5.125,-164.425,Light - Dawn,,,240,4855,,0.1,,
THUALB_2022_04,233568,11-Oct-2022 00:00:00,5.525,-163.475,None,,,,,,,11-Oct-2022 16:40:00,12-Oct-2022 04:40:57
THUALB_2022_04,233568,11-Oct-2022 04:42:36,5.525,-163.5,Light - Dusk,,,48,4596,,75.4904841465404,,
THUALB_2022_04,233568,11-Oct-2022 12:00:00,5.55,-163.6,None,,,,,,,,
THUALB_2022_04,233568,11-Oct-2022 14:00:06,5.575,-163.625,SST,28,27.8233267541726,1,4464,,64.802615340191,,
THUALB_2022_04,233568,11-Oct-2022 16:05:06,5.525,-163.575,Light - Dawn,,,208,4464,,0.100000000048305,,
THUALB_2022_04,233568,12-Oct-2022 00:00:00,5.35,-163.525,None,,,,,,,12-Oct-2022 16:40:00,13-Oct-2022 04:40:51
THUALB_2022_04,233568,12-Oct-2022 04:38:51,5.325,-163.475,Light - Dusk,,,112,4372,,0.283239375808905,,
THUALB_2022_04,233568,12-Oct-2022 12:00:00,5.275,-163.525,None,,,,,,,,
THUALB_2022_04,233568,12-Oct-2022 12:00:06,5.275,-163.525,SST,27.6,27.4699895911747,1,4373,,79.3836778419545,,
THUALB_2022_04,233568,12-Oct-2022 16:15:06,5.175,-163.525,Light - Dawn,,,80,4254,,51.3826059150499,,
THUALB_2022_04,233568,13-Oct-2022 00:00:00,5.1,-163.5,None,,,,,,,13-Oct-2022 16:39:39,14-Oct-2022 04:40:31
THUALB_2022_04,233568,13-Oct-2022 04:16:21,5.05,-163.525,Light - Dusk,,,112,4254,,18.122525964501,,
THUALB_2022_04,233568,13-Oct-2022 12:00:00,5.025,-163.275,None,,,,,,,,
THUALB_2022_04,233568,13-Oct-2022 14:00:06,5.025,-163.2,SST,27.1,27.2608293143908,1,4416,,71.4488158540664,,
THUALB_2022_04,233568,13-Oct-2022 15:55:06,5.05,-163.15,Light - Dawn,,,48,4416,,63.2864214938053,,
THUALB_2022_04,233568,14-Oct-2022 00:00:00,5.075,-162.95,None,,,,,,,14-Oct-2022 16:37:20,15-Oct-2022 04:37:58
THUALB_2022_04,233568,14-Oct-2022 04:35:06,5.125,-162.825,Light - Dusk,,,112,4487,,0.100744076797915,,
THUALB_2022_04,233568,14-Oct-2022 11:00:06,5.15,-162.625,SST,27.6,27.3316628176636,1,4465,,71.4511872618156,,
THUALB_2022_04,233568,14-Oct-2022 12:00:00,5.15,-162.625,None,,,,,,,,
THUALB_2022_04,233568,14-Oct-2022 15:53:51,5.15,-162.575,Light - Dawn,,,48,4465,,66.2723307460923,,
THUALB_2022_04,233568,15-Oct-2022 00:00:00,5.125,-162.425,None,,,,,,,15-Oct-2022 16:35:10,16-Oct-2022 04:35:29
THUALB_2022_04,233568,15-Oct-2022 04:01:21,5.125,-162.35,Light - Dusk,,,240,4511,,0.1,,
THUALB_2022_04,233568,15-Oct-2022 12:00:00,5.125,-162.2,None,,,,,,,,
THUALB_2022_04,233568,15-Oct-2022 15:57:36,5.15,-162.125,Light - Dawn,,,80,4431,,39.471070709492,,
THUALB_2022_04,233568,15-Oct-2022 17:00:06,5.15,-162.125,SST,27.6,27.4812516542276,1,4431,,80.2205282397574,,
THUALB_2022_04,233568,16-Oct-2022 00:00:00,5.15,-162.15,None,,,,,,,16-Oct-2022 16:34:00,17-Oct-2022 04:34:01
THUALB_2022_04,233568,16-Oct-2022 04:43:51,5.175,-162.175,Light - Dusk,,,80,4431,,42.6704714702157,,
THUALB_2022_04,233568,16-Oct-2022 12:00:00,5.275,-162.15,None,,,,,,,,
THUALB_2022_04,233568,16-Oct-2022 15:00:06,5.325,-162.125,SST,27.9,27.6912583984269,1,3855,,67.7267930757012,,
THUALB_2022_04,233568,16-Oct-2022 15:51:21,5.325,-162.125,Light - Dawn,,,144,3855,,0.100000040442487,,
THUALB_2022_04,233568,17-Oct-2022 00:00:00,5.275,-162.125,None,,,,,,,17-Oct-2022 16:33:54,18-Oct-2022 04:33:30
THUALB_2022_04,233568,17-Oct-2022 04:20:06,5.275,-162.125,Light - Dusk,,,208,3855,,79.7997212483463,,
THUALB_2022_04,233568,17-Oct-2022 10:00:06,5.325,-162.075,SST,28,27.8108449418015,1,3855,,70.2066311868795,,
THUALB_2022_04,233568,17-Oct-2022 12:00:00,5.325,-162.075,None,,,,,,,,
THUALB_2022_04,233568,17-Oct-2022 16:03:51,5.3,-162.05,Light - Dawn,,,208,3855,,92.2650529925427,,
THUALB_2022_04,233568,18-Oct-2022 00:00:00,5.275,-162,None,,,,,,,18-Oct-2022 16:33:20,19-Oct-2022 04:32:40
THUALB_2022_04,233568,18-Oct-2022 04:16:21,5.3,-161.975,Light - Dusk,,,208,3681,,77.8601129021993,,
THUALB_2022_04,233568,18-Oct-2022 09:00:06,5.3,-161.9,SST,28.5,28.1687692328294,1,3681,,60.9273835395636,,
THUALB_2022_04,233568,18-Oct-2022 12:00:00,5.275,-161.925,None,,,,,,,,
THUALB_2022_04,233568,18-Oct-2022 15:43:51,5.225,-161.925,Light - Dawn,,,144,4115,,94.0696064424544,,
THUALB_2022_04,233568,19-Oct-2022 00:00:00,5.15,-161.925,None,,,,,,,19-Oct-2022 16:32:54,20-Oct-2022 04:32:09
THUALB_2022_04,233568,19-Oct-2022 04:21:21,5.125,-161.9,Light - Dusk,,,80,4115,,94.2398707477518,,
THUALB_2022_04,233568,19-Oct-2022 09:00:06,5.1,-161.875,SST,28.4,28.222503537337,2,4115,,69.6865133960835,,
THUALB_2022_04,233568,19-Oct-2022 12:00:00,5.025,-161.9,None,,,,,,,,
THUALB_2022_04,233568,19-Oct-2022 16:00:06,4.975,-161.95,Light - Dawn,,,208,4187,,87.7306408878748,,
THUALB_2022_04,233568,20-Oct-2022 00:00:00,4.875,-162,None,,,,,,,20-Oct-2022 16:32:57,21-Oct-2022 04:32:21
THUALB_2022_04,233568,20-Oct-2022 04:18:51,4.825,-162,Light - Dusk,,,208,4187,,66.7330715440386,,
THUALB_2022_04,233568,20-Oct-2022 11:00:06,4.7,-161.925,SST,28.1,28.0645835986402,1,4404,,74.5860763208603,,
THUALB_2022_04,233568,20-Oct-2022 12:00:00,4.7,-161.925,None,,,,,,,,
THUALB_2022_04,233568,20-Oct-2022 15:55:06,4.675,-161.925,Light - Dawn,,,176,4404,,91.080567197275,,
THUALB_2022_04,233568,21-Oct-2022 00:00:00,4.6,-161.875,None,,,,,,,21-Oct-2022 16:32:11,22-Oct-2022 04:31:47
THUALB_2022_04,233568,21-Oct-2022 04:20:06,4.575,-161.85,Light - Dusk,,,176,4404,,68.4374825269849,,
THUALB_2022_04,233568,21-Oct-2022 12:00:00,4.5,-161.8,None,,,,,,,,
THUALB_2022_04,233568,21-Oct-2022 15:00:06,4.45,-161.75,SST,28.3,28.2600002288818,1,4640,,80.3079341447756,,
THUALB_2022_04,233568,21-Oct-2022 15:46:21,4.45,-161.75,Light - Dawn,,,176,4640,,31.9227384876612,,
THUALB_2022_04,233568,22-Oct-2022 00:00:00,4.4,-161.9,None,,,,,,,22-Oct-2022 16:32:05,23-Oct-2022 04:31:47
THUALB_2022_04,233568,22-Oct-2022 04:10:06,4.35,-161.975,Light - Dusk,,,176,4640,,29.9461202397466,,
THUALB_2022_04,233568,22-Oct-2022 10:00:06,4.4,-161.875,SST,28.4,28.0591701798969,1,4640,,71.4693743009068,,
THUALB_2022_04,233568,22-Oct-2022 12:00:00,4.4,-161.875,None,,,,,,,,
THUALB_2022_04,233568,22-Oct-2022 15:43:51,4.425,-161.875,Light - Dawn,,,144,4640,,66.7318961176522,,
THUALB_2022_04,233568,23-Oct-2022 00:00:00,4.425,-161.9,None,,,,,,,23-Oct-2022 16:32:04,24-Oct-2022 04:31:31
THUALB_2022_04,233568,23-Oct-2022 04:01:21,4.425,-161.925,Light - Dusk,,,144,4640,,83.3052677499002,,
THUALB_2022_04,233568,23-Oct-2022 11:00:06,4.475,-161.95,SST,28.5,28.1733437229527,1,4640,,69.3546701343548,,
THUALB_2022_04,233568,23-Oct-2022 12:00:00,4.45,-161.95,None,,,,,,,,
THUALB_2022_04,233568,23-Oct-2022 15:46:21,4.4,-162.05,Light - Dawn,,,144,4495,,23.2596658088474,,
THUALB_2022_04,233568,24-Oct-2022 00:00:00,4.325,-162.15,None,,,,,,,24-Oct-2022 16:32:58,25-Oct-2022 04:32:22
THUALB_2022_04,233568,24-Oct-2022 04:01:21,4.3,-162.225,Light - Dusk,,,144,4495,,23.9355778458368,,
THUALB_2022_04,233568,24-Oct-2022 12:00:00,4.3,-162.025,None,,,,,,,,
THUALB_2022_04,233568,24-Oct-2022 15:00:06,4.3,-161.925,SST,28.4,28.3162553820345,1,4640,,85.9597852888122,,
THUALB_2022_04,233568,24-Oct-2022 15:57:36,4.3,-161.925,Light - Dawn,,,176,4640,,31.8331774971308,,
THUALB_2022_04,233568,25-Oct-2022 00:00:00,4.35,-162.075,None,,,,,,,25-Oct-2022 16:32:40,26-Oct-2022 04:31:50
THUALB_2022_04,233568,25-Oct-2022 03:48:51,4.35,-162.125,Light - Dusk,,,176,4495,,92.7640725707845,,
THUALB_2022_04,233568,25-Oct-2022 09:00:06,4.35,-162.225,SST,28.3,28.268747153812,1,4495,,84.6755965022228,,
THUALB_2022_04,233568,25-Oct-2022 12:00:00,4.375,-162.275,None,,,,,,,,
THUALB_2022_04,233568,25-Oct-2022 15:56:21,4.4,-162.35,Light - Dawn,,,80,4804,,32.5266277046454,,
THUALB_2022_04,233568,26-Oct-2022 00:00:00,4.425,-162.25,None,,,,,,,26-Oct-2022 16:33:26,27-Oct-2022 04:32:16
THUALB_2022_04,233568,26-Oct-2022 04:18:51,4.425,-162.2,Light - Dusk,,,144,4495,,86.3797784085813,,
THUALB_2022_04,233568,26-Oct-2022 12:00:00,4.45,-162.125,None,,,,,,,,
THUALB_2022_04,233568,26-Oct-2022 14:00:06,4.45,-162.1,SST,28.4,28.1858253383636,1,4495,,85.50938680073,,
THUALB_2022_04,233568,26-Oct-2022 16:00:06,4.45,-162.075,Light - Dawn,,,176,4495,,79.6324859663026,,
THUALB_2022_04,233568,27-Oct-2022 00:00:00,4.425,-162.025,None,,,,,,,27-Oct-2022 16:32:33,28-Oct-2022 04:31:10
THUALB_2022_04,233568,27-Oct-2022 04:15:06,4.425,-162,Light - Dusk,,,144,4640,,66.0706298614255,,
THUALB_2022_04,233568,27-Oct-2022 12:00:00,4.425,-161.875,None,,,,,,,,
THUALB_2022_04,233568,27-Oct-2022 15:00:06,4.45,-161.825,SST,28.3,28.1474981723891,1,4640,,90.7484044975323,,
THUALB_2022_04,233568,27-Oct-2022 15:58:51,4.45,-161.825,Light - Dawn,,,144,4640,,76.6853073141369,,
THUALB_2022_04,233568,28-Oct-2022 00:00:00,4.425,-161.65,None,,,,,,,28-Oct-2022 16:31:04,29-Oct-2022 04:29:29
THUALB_2022_04,233568,28-Oct-2022 03:51:21,4.425,-161.625,Light - Dusk,,,176,4570,,19.6368952400746,,
THUALB_2022_04,233568,28-Oct-2022 12:00:00,4.375,-161.775,None,,,,,,,,
THUALB_2022_04,233568,28-Oct-2022 13:00:06,4.35,-161.775,SST,28.2,28.1616693300671,2,4640,,87.4859856548477,,
THUALB_2022_04,233568,28-Oct-2022 15:53:51,4.35,-161.825,Light - Dawn,,,144,4640,,69.566363290558,,
THUALB_2022_04,233568,29-Oct-2022 00:00:00,4.275,-162,None,,,,,,,29-Oct-2022 16:32:21,30-Oct-2022 04:30:52
THUALB_2022_04,233568,29-Oct-2022 04:13:51,4.25,-162.1,Light - Dusk,,,144,4495,,46.1917950618866,,
THUALB_2022_04,233568,29-Oct-2022 10:00:06,4.275,-162.1,SST,28.3,28.1474974779288,1,4495,,82.4388134171605,,
THUALB_2022_04,233568,29-Oct-2022 12:00:00,4.25,-162.1,None,,,,,,,,
THUALB_2022_04,233568,29-Oct-2022 15:47:36,4.225,-162.1,Light - Dawn,,,144,4474,,52.8122248681229,,
THUALB_2022_04,233568,30-Oct-2022 00:00:00,4.2,-162.15,None,,,,,,,30-Oct-2022 16:32:56,31-Oct-2022 04:31:24
THUALB_2022_04,233568,30-Oct-2022 04:18:51,4.2,-162.2,Light - Dusk,,,144,4474,,45.969699499327,,
THUALB_2022_04,233568,30-Oct-2022 10:00:06,4.225,-162.25,SST,28.3,28.0074969757928,1,4403,,76.4212023531933,,
THUALB_2022_04,233568,30-Oct-2022 12:00:00,4.2,-162.25,None,,,,,,,,
THUALB_2022_04,233568,30-Oct-2022 15:56:21,4.15,-162.275,Light - Dawn,,,176,4403,,96.4511499272929,,
THUALB_2022_04,233568,31-Oct-2022 00:00:00,4.1,-162.3,None,,,,,,,31-Oct-2022 16:33:29,01-Nov-2022 04:31:58
THUALB_2022_04,233568,31-Oct-2022 04:12:36,4.075,-162.3,Light - Dusk,,,176,4403,,41.979654292088,,
THUALB_2022_04,233568,31-Oct-2022 10:00:06,4.1,-162.15,SST,28.3,27.9774974016349,1,4474,,68.6356101515351,,
THUALB_2022_04,233568,31-Oct-2022 12:00:00,4.075,-162.125,None,,,,,,,,
THUALB_2022_04,233568,31-Oct-2022 15:56:21,4,-162.025,Light - Dawn,,,176,4401,,17.1920292768862,,
THUALB_2022_04,233568,01-Nov-2022 00:00:00,4.05,-162.3,None,,,,,,,01-Nov-2022 16:33:29,02-Nov-2022 04:31:54
THUALB_2022_04,233568,01-Nov-2022 04:32:36,4.1,-162.425,Light - Dusk,,,112,4403,,29.1040729764295,,
THUALB_2022_04,233568,01-Nov-2022 12:00:00,4.2,-162.6,None,,,,,,,,
THUALB_2022_04,233568,01-Nov-2022 13:00:06,4.225,-162.6,SST,28.3,27.9699993133545,1,5058,,72.0386665336092,,
THUALB_2022_04,233568,01-Nov-2022 16:13:51,4.2,-162.65,Light - Dawn,,,176,5058,,46.9116243627936,,
THUALB_2022_04,233568,02-Nov-2022 00:00:00,4.15,-162.45,None,,,,,,,02-Nov-2022 16:34:16,03-Nov-2022 04:32:18
THUALB_2022_04,233568,02-Nov-2022 04:23:52,4.1,-162.35,Light - Dusk,,,80,4403,,83.8294044869549,,
THUALB_2022_04,233568,02-Nov-2022 11:00:07,4.1,-162.125,SST,28.2,27.8487420280333,1,4474,,65.3429677823236,,
THUALB_2022_04,233568,02-Nov-2022 12:00:00,4.1,-162.125,None,,,,,,,,
THUALB_2022_04,233568,02-Nov-2022 16:03:52,4.025,-161.95,Light - Dawn,,,208,4751,,14.6286390569196,,
THUALB_2022_04,233568,03-Nov-2022 00:00:00,3.95,-162.125,None,,,,,,,03-Nov-2022 16:32:51,04-Nov-2022 04:31:08
THUALB_2022_04,233568,03-Nov-2022 04:10:07,3.95,-162.175,Light - Dusk,,,176,4401,,31.1985441348441,,
THUALB_2022_04,233568,03-Nov-2022 12:00:00,4,-162.125,None,,,,,,,,
THUALB_2022_04,233568,03-Nov-2022 13:00:07,4,-162.125,SST,28.3,27.7620770644259,1,4401,,44.6616025783495,,
THUALB_2022_04,233568,03-Nov-2022 16:00:07,3.975,-162.1,Light - Dawn,,,208,4401,,35.1503217638214,,
THUALB_2022_04,233568,04-Nov-2022 00:00:00,4,-162.225,None,,,,,,,04-Nov-2022 16:33:24,05-Nov-2022 04:31:24
THUALB_2022_04,233568,04-Nov-2022 04:21:22,4.025,-162.325,Light - Dusk,,,144,4403,,48.4916829493414,,
THUALB_2022_04,233568,04-Nov-2022 12:00:00,4.075,-162.375,None,,,,,,,,
THUALB_2022_04,233568,04-Nov-2022 14:00:07,4.1,-162.375,SST,28.3,27.8108287673306,1,4403,,52.7196041617532,,
THUALB_2022_04,233568,04-Nov-2022 16:15:07,4.1,-162.4,Light - Dawn,,,208,4403,,68.178017157218,,
THUALB_2022_04,233568,05-Nov-2022 00:00:00,4.1,-162.475,None,,,,,,,05-Nov-2022 16:34:37,06-Nov-2022 04:32:14
THUALB_2022_04,233568,05-Nov-2022 03:57:37,4.125,-162.525,Light - Dusk,,,176,5058,,41.5303791530752,,
THUALB_2022_04,233568,05-Nov-2022 12:00:00,4.25,-162.375,None,,,,,,,,
THUALB_2022_04,233568,05-Nov-2022 14:00:07,4.3,-162.35,SST,28,27.8816580817435,1,4804,,77.3120372218951,,
THUALB_2022_04,233568,05-Nov-2022 16:12:37,4.275,-162.325,Light - Dawn,,,208,4804,,67.357230977441,,
THUALB_2022_04,233568,06-Nov-2022 00:00:00,4.325,-162.25,None,,,,,,,06-Nov-2022 16:34:07,07-Nov-2022 04:31:02
THUALB_2022_04,233568,06-Nov-2022 03:46:22,4.375,-162.2,Light - Dusk,,,176,4495,,49.4785986008615,,
THUALB_2022_04,233568,06-Nov-2022 10:00:07,4.45,-162.1,SST,28.3,27.6899896991474,2,4495,,50.712255489914,,
THUALB_2022_04,233568,06-Nov-2022 12:00:00,4.475,-162.05,None,,,,,,,,
THUALB_2022_04,233568,06-Nov-2022 16:12:37,4.5,-161.95,Light - Dawn,,,176,4640,,58.8751991194054,,
THUALB_2022_04,233568,07-Nov-2022 00:00:00,4.575,-161.925,None,,,,,,,07-Nov-2022 16:33:15,08-Nov-2022 04:29:24
THUALB_2022_04,233568,07-Nov-2022 04:03:52,4.625,-161.925,Light - Dusk,,,208,4404,,87.6298763502182,,
THUALB_2022_04,233568,07-Nov-2022 12:00:00,4.725,-161.925,None,,,,,,,,
THUALB_2022_04,233568,07-Nov-2022 13:00:07,4.75,-161.925,SST,28.1,27.8070674979024,1,4187,,67.0850785790904,,
THUALB_2022_04,233568,07-Nov-2022 16:06:22,4.75,-161.925,Light - Dawn,,,176,4187,,77.6375717327991,,
THUALB_2022_04,233568,08-Nov-2022 00:00:00,4.775,-161.975,None,,,,,,,08-Nov-2022 16:33:51,09-Nov-2022 04:29:20
THUALB_2022_04,233568,08-Nov-2022 04:00:07,4.8,-162.025,Light - Dusk,,,176,4286,,85.388227854922,,
THUALB_2022_04,233568,08-Nov-2022 12:00:00,4.85,-162.05,None,,,,,,,,
THUALB_2022_04,233568,08-Nov-2022 14:00:07,4.85,-162.075,SST,28.1,27.6116584185538,1,4286,,58.005025699692,,
THUALB_2022_04,233568,08-Nov-2022 16:12:37,4.875,-162.1,Light - Dawn,,,208,4286,,92.4093044275249,,
THUALB_2022_04,233568,09-Nov-2022 00:00:00,4.875,-162.15,None,,,,,,,09-Nov-2022 16:34:51,10-Nov-2022 04:29:54
THUALB_2022_04,233568,09-Nov-2022 04:17:37,4.875,-162.175,Light - Dusk,,,176,4286,,91.0187817174271,,
THUALB_2022_04,233568,09-Nov-2022 10:00:07,4.875,-162.2,SST,27.9,27.5449950562804,1,4286,,68.1085680941784,,
THUALB_2022_04,233568,09-Nov-2022 12:00:00,4.875,-162.225,None,,,,,,,,
THUALB_2022_04,233568,09-Nov-2022 16:08:52,4.875,-162.3,Light - Dawn,,,176,4729,,93.6545894323213,,
THUALB_2022_04,233568,10-Nov-2022 00:00:00,4.825,-162.375,None,,,,,,,10-Nov-2022 16:35:54,11-Nov-2022 04:30:52
THUALB_2022_04,233568,10-Nov-2022 04:06:22,4.8,-162.4,Light - Dusk,,,176,4729,,56.811043580514,,
THUALB_2022_04,233568,10-Nov-2022 11:00:07,4.8,-162.325,SST,27.9,27.3245643397393,1,4729,,50.6587242231456,,
THUALB_2022_04,233568,10-Nov-2022 12:00:00,4.8,-162.325,None,,,,,,,,
THUALB_2022_04,233568,10-Nov-2022 16:12:37,4.775,-162.325,Light - Dawn,,,176,4729,,93.1440476662433,,
THUALB_2022_04,233568,11-Nov-2022 00:00:00,4.725,-162.25,None,,,,,,,11-Nov-2022 16:35:28,12-Nov-2022 04:30:31
THUALB_2022_04,233568,11-Nov-2022 04:12:37,4.7,-162.2,Light - Dusk,,,240,4490,,78.3048231252431,,
THUALB_2022_04,233568,11-Nov-2022 12:00:00,4.675,-162.125,None,,,,,,,,
THUALB_2022_04,233568,11-Nov-2022 12:00:07,4.675,-162.125,SST,27.8,27.0949887808605,1,4490,,44.6443698828704,,
THUALB_2022_04,233568,11-Nov-2022 16:02:37,4.625,-162.175,Light - Dawn,,,240,4490,,71.815876158541,,
THUALB_2022_04,233568,12-Nov-2022 00:00:00,4.475,-162.275,None,,,,,,,12-Nov-2022 16:35:28,13-Nov-2022 04:30:59
THUALB_2022_04,233568,12-Nov-2022 04:11:22,4.425,-162.325,Light - Dusk,,,208,4804,,9.16517120476855,,
THUALB_2022_04,233568,12-Nov-2022 12:00:00,4.45,-161.95,None,,,,,,,,
THUALB_2022_04,233568,12-Nov-2022 13:00:07,4.45,-161.925,SST,27.4,27.1362517344289,1,4640,,62.3996049895532,,
THUALB_2022_04,233568,12-Nov-2022 16:00:07,4.425,-161.9,Light - Dawn,,,208,4640,,77.0530758920727,,
THUALB_2022_04,233568,13-Nov-2022 00:00:00,4.35,-161.75,None,,,,,,,13-Nov-2022 16:33:26,14-Nov-2022 04:29:07
THUALB_2022_04,233568,13-Nov-2022 04:07:37,4.3,-161.675,Light - Dusk,,,112,4570,,77.4791540274644,,
THUALB_2022_04,233568,13-Nov-2022 12:00:00,4.225,-161.575,None,,,,,,,,
THUALB_2022_04,233568,13-Nov-2022 15:53:52,4.2,-161.525,Light - Dawn,,,144,4744,,42.1881601874627,,
THUALB_2022_04,233568,13-Nov-2022 16:00:07,4.2,-161.525,SST,27.6,27.276671676724,1,4744,,74.4731998371165,,
THUALB_2022_04,233568,14-Nov-2022 00:00:00,4.125,-161.575,None,,,,,,,14-Nov-2022 16:32:40,15-Nov-2022 04:28:48
THUALB_2022_04,233568,14-Nov-2022 04:11:22,4.075,-161.625,Light - Dusk,,,144,4744,,55.4260958392361,,
THUALB_2022_04,233568,14-Nov-2022 12:00:00,4,-161.7,None,,,,,,,,
THUALB_2022_04,233568,14-Nov-2022 15:56:22,4,-161.8,Light - Dawn,,,176,4584,,9.511245593281,,
THUALB_2022_04,233568,14-Nov-2022 16:00:07,4,-161.8,SST,27.2,27.0700063505658,1,4584,,74.3125066754998,,
THUALB_2022_04,233568,15-Nov-2022 00:00:00,3.9,-161.8,None,,,,,,,15-Nov-2022 16:33:31,16-Nov-2022 04:30:06
THUALB_2022_04,233568,15-Nov-2022 04:18:52,3.875,-161.8,Light - Dusk,,,144,4584,,35.97360792782,,
THUALB_2022_04,233568,15-Nov-2022 12:00:00,3.775,-161.925,None,,,,,,,,
THUALB_2022_04,233568,15-Nov-2022 14:00:07,3.75,-161.925,SST,27.3,27.1150138774845,1,4584,,65.3876497094276,,
THUALB_2022_04,233568,15-Nov-2022 16:00:07,3.725,-162,Light - Dawn,,,144,4603,,76.8185026978323,,
THUALB_2022_04,233568,16-Nov-2022 00:00:00,3.575,-162.225,None,,,,,,,16-Nov-2022 16:35:01,17-Nov-2022 04:32:22
THUALB_2022_04,233568,16-Nov-2022 04:08:52,3.5,-162.35,Light - Dusk,,,144,5984,,12.3094641893806,,
THUALB_2022_04,233568,16-Nov-2022 12:00:00,3.45,-162.2,None,,,,,,,,
THUALB_2022_04,233568,16-Nov-2022 13:00:07,3.45,-162.175,SST,26.9,26.8746017196002,0,4716,,75.5758551300982,,
THUALB_2022_04,233568,16-Nov-2022 16:06:22,3.5,-162.15,Light - Dawn,,,208,4716,,55.8438090026987,,
THUALB_2022_04,233568,17-Nov-2022 00:00:00,3.55,-162.1,None,,,,,,,17-Nov-2022 16:34:45,18-Nov-2022 04:32:02
THUALB_2022_04,233568,17-Nov-2022 12:00:00,3.6,-162.075,None,,,,,,,,
THUALB_2022_04,233568,18-Nov-2022 00:00:00,3.65,-162.025,None,,,,,,,18-Nov-2022 16:34:51,19-Nov-2022 04:31:45
THUALB_2022_04,233568,18-Nov-2022 12:00:00,3.725,-161.975,None,,,,,,,,
THUALB_2022_04,233568,19-Nov-2022 00:00:00,3.8,-161.925,None,,,,,,,19-Nov-2022 16:34:57,20-Nov-2022 04:31:19
THUALB_2022_04,233568,19-Nov-2022 12:00:00,3.85,-161.9,None,,,,,,,,
THUALB_2022_04,233568,20-Nov-2022 00:00:00,3.925,-161.85,None,,,,,,,20-Nov-2022 16:35:08,21-Nov-2022 04:31:01
THUALB_2022_04,233568,20-Nov-2022 00:00:07,3.925,-161.85,SST,36.6,27.6100003234104,0,4584,,0.0999999999999999,,
THUALB_2022_04,233568,20-Nov-2022 04:08:52,3.975,-161.85,Light - Dusk,,,400,4584,,0.0999999999999999,,
THUALB_2022_04,233568,20-Nov-2022 04:42:37,3.975,-161.85,Light - Dawn,,,16,4584,,0.0999999999999998,,
THUALB_2022_04,233568,20-Nov-2022 12:00:00,4.05,-161.825,None,,,,,,,,
THUALB_2022_04,233568,20-Nov-2022 15:00:07,4.075,-161.825,SST,26.8,27.5412466061778,0,4751,,21.1029771807917,,
THUALB_2022_04,233568,20-Nov-2022 15:32:37,4.075,-161.825,Light - Dawn,,,16,4751,,52.3725307222067,,
THUALB_2022_04,233568,21-Nov-2022 00:00:00,4.1,-161.875,None,,,,,,,21-Nov-2022 16:35:48,22-Nov-2022 04:31:03
THUALB_2022_04,233568,21-Nov-2022 03:53:52,4.15,-161.9,Light - Dusk,,,16,4751,,95.7914245118806,,
THUALB_2022_04,233568,21-Nov-2022 03:57:37,4.15,-161.9,Light - Dusk,,,16,4751,,84.1343563913101,,
THUALB_2022_04,233568,21-Nov-2022 10:00:07,4.225,-161.95,SST,26.9,27.5133292852287,0,4751,,32.8909752885487,,
THUALB_2022_04,233568,21-Nov-2022 12:00:00,4.2,-161.95,None,,,,,,,,
THUALB_2022_04,233568,21-Nov-2022 15:36:22,4.25,-161.925,Light - Dawn,,,16,4640,,54.8487130548047,,
THUALB_2022_04,233568,22-Nov-2022 00:00:00,4.225,-161.95,None,,,,,,,22-Nov-2022 16:36:37,23-Nov-2022 04:31:22
THUALB_2022_04,233568,22-Nov-2022 04:26:22,4.3,-161.925,Light - Dusk,,,16,4640,,77.4918439022209,,
THUALB_2022_04,233568,22-Nov-2022 11:00:07,4.35,-161.925,SST,26.9,27.3424943155933,0,4640,,38.2306849208977,,
THUALB_2022_04,233568,22-Nov-2022 12:00:00,4.35,-161.925,None,,,,,,,,
THUALB_2022_04,233568,22-Nov-2022 15:40:07,4.375,-161.9,Light - Dawn,,,16,4640,,41.153838259618,,
THUALB_2022_04,233568,23-Nov-2022 00:00:00,4.425,-161.85,None,,,,,,,23-Nov-2022 16:36:52,24-Nov-2022 04:30:53
THUALB_2022_04,233568,23-Nov-2022 04:20:07,4.475,-161.825,Light - Dusk,,,16,4640,,72.2442611995196,,
THUALB_2022_04,233568,23-Nov-2022 08:00:07,4.55,-161.775,SST,27.2,27.3800058166628,0,4404,,61.5631144277114,,
THUALB_2022_04,233568,23-Nov-2022 12:00:00,4.6,-161.675,None,,,,,,,,
THUALB_2022_04,233568,23-Nov-2022 15:00:00,4.625,-161.65,User,,,,,,56.2856535360078,,
